辆格内靛,辆格疙,朝楼,矫埃,矫啊,绊啊,历啊,辆啊,芭贰樊
A263800,单捞鸥贾风记,20170803,0,6600,7140,5400,5680,6306903
A263800,单捞鸥贾风记,20170804,0,5530,5940,5050,5100,1751992
A263800,单捞鸥贾风记,20170807,0,5340,6630,5260,6630,1079243
A263800,单捞鸥贾风记,20170808,0,7630,7690,6240,6320,5077157
A263800,单捞鸥贾风记,20170809,0,6260,6880,6000,6620,2435228
A263800,单捞鸥贾风记,20170810,0,6880,6980,6270,6270,1378630
A263800,单捞鸥贾风记,20170811,0,6050,6680,5950,6330,1282240
A263800,单捞鸥贾风记,20170814,0,6270,6360,5900,5970,656981
A263800,单捞鸥贾风记,20170816,0,5940,6020,5520,5610,765323
A263800,单捞鸥贾风记,20170817,0,5640,5720,5560,5650,324081
A263800,单捞鸥贾风记,20170818,0,5550,5780,5510,5780,460172
A263800,单捞鸥贾风记,20170821,0,6080,6500,5660,5670,1808963
A263800,单捞鸥贾风记,20170822,0,5790,5870,5560,5660,445651
A263800,单捞鸥贾风记,20170823,0,5690,5800,5610,5740,318181
A263800,单捞鸥贾风记,20170824,0,5690,5750,5430,5430,399838
A263800,单捞鸥贾风记,20170825,0,5430,5460,5310,5330,270091
A263800,单捞鸥贾风记,20170828,0,5370,5390,5240,5240,168125
A263800,单捞鸥贾风记,20170829,0,5220,5670,5180,5290,377463
A263800,单捞鸥贾风记,20170830,0,5330,5440,5250,5290,149863
A263800,单捞鸥贾风记,20170831,0,5340,5390,5240,5320,122065
A263800,单捞鸥贾风记,20170901,0,5320,5540,5320,5370,180064
A263800,单捞鸥贾风记,20170904,0,5140,5250,5130,5130,217419
A263800,单捞鸥贾风记,20170905,0,5130,5180,4925,4950,197010
A263800,单捞鸥贾风记,20170906,0,4910,5060,4870,4880,114530
A263800,单捞鸥贾风记,20170907,0,5000,5000,4860,4860,81530
A263800,单捞鸥贾风记,20170908,0,4860,4920,4645,4645,185991
A263800,单捞鸥贾风记,20170911,0,4645,4705,4475,4520,140439
A263800,单捞鸥贾风记,20170912,0,4550,5060,4510,4665,561318
A263800,单捞鸥贾风记,20170913,0,4700,4710,4520,4630,124395
A263800,单捞鸥贾风记,20170914,0,4595,4790,4570,4585,77175
A263800,单捞鸥贾风记,20170915,0,4555,4620,4525,4570,82799
A263800,单捞鸥贾风记,20170918,0,4595,4870,4575,4750,209559
A263800,单捞鸥贾风记,20170919,0,5000,5490,4820,4820,1553716
A263800,单捞鸥贾风记,20170920,0,4810,4865,4675,4675,201325
A263800,单捞鸥贾风记,20170921,0,4720,4740,4335,4400,174779
A263800,单捞鸥贾风记,20170922,0,4360,4445,4170,4175,123394
A263800,单捞鸥贾风记,20170925,0,4160,4290,3950,3950,117199
A263800,单捞鸥贾风记,20170926,0,3800,4045,3800,3970,77257
A263800,单捞鸥贾风记,20170927,0,3980,4565,3980,4180,514951
A263800,单捞鸥贾风记,20170928,0,4210,4275,4115,4220,59165
A263800,单捞鸥贾风记,20170929,0,4200,4340,4150,4325,49270
A263800,单捞鸥贾风记,20171010,0,4315,4315,4165,4225,51719
A263800,单捞鸥贾风记,20171011,0,4210,4480,4210,4370,108740
A263800,单捞鸥贾风记,20171012,0,4440,4515,4400,4460,84630
A263800,单捞鸥贾风记,20171013,0,4495,4495,4285,4290,50132
A263800,单捞鸥贾风记,20171016,0,4300,4585,4235,4335,118424
A263800,单捞鸥贾风记,20171017,0,4340,4340,4215,4250,65424
A263800,单捞鸥贾风记,20171018,0,4265,4310,4140,4140,77040
A263800,单捞鸥贾风记,20171019,0,4100,4255,4080,4175,35051
A263800,单捞鸥贾风记,20171020,0,4150,4465,4140,4385,124387
A263800,单捞鸥贾风记,20171023,0,4385,4560,4325,4335,89385
A263800,单捞鸥贾风记,20171024,0,4305,4405,4300,4385,43499
A263800,单捞鸥贾风记,20171025,0,4440,4450,4305,4350,45167
A263800,单捞鸥贾风记,20171026,0,4380,4460,4325,4335,35066
A263800,单捞鸥贾风记,20171027,0,4300,5070,4300,4555,1298911
A263800,单捞鸥贾风记,20171030,0,4610,4950,4515,4760,393906
A263800,单捞鸥贾风记,20171031,0,4810,4815,4610,4625,213266
A263800,单捞鸥贾风记,20171101,0,4745,5150,4625,5010,791593
A263800,单捞鸥贾风记,20171102,0,4980,5250,4965,4975,393156
A263800,单捞鸥贾风记,20171103,0,5020,5030,4715,4780,222425
A263800,单捞鸥贾风记,20171106,0,4845,4920,4655,4910,118035
A263800,单捞鸥贾风记,20171107,0,4940,5030,4850,4955,77277
A263800,单捞鸥贾风记,20171108,0,4970,4995,4845,4855,61145
A263800,单捞鸥贾风记,20171109,0,4890,4890,4785,4860,49950
A263800,单捞鸥贾风记,20171110,0,4900,4900,4780,4780,50787
A263800,单捞鸥贾风记,20171113,0,4790,4895,4750,4775,44797
A263800,单捞鸥贾风记,20171114,0,4830,4955,4750,4920,106114
A263800,单捞鸥贾风记,20171115,0,4920,4920,4380,4425,372106
A263800,单捞鸥贾风记,20171116,0,4475,4490,4310,4360,94925
A263800,单捞鸥贾风记,20171117,0,4365,4500,4330,4445,68287
A263800,单捞鸥贾风记,20171120,0,4510,4510,4255,4275,139322
A263800,单捞鸥贾风记,20171121,0,4285,4285,4130,4155,147250
A263800,单捞鸥贾风记,20171122,0,4195,4225,4140,4190,56347
A263800,单捞鸥贾风记,20171123,0,4190,4460,4190,4370,122963
A263800,单捞鸥贾风记,20171124,0,4445,4560,4395,4425,111238
A263800,单捞鸥贾风记,20171127,0,4425,4475,4350,4400,56438
A263800,单捞鸥贾风记,20171128,0,4500,4500,4250,4250,51825
A263800,单捞鸥贾风记,20171129,0,4260,4420,4250,4365,33583
A263800,单捞鸥贾风记,20171130,0,4330,4390,4250,4260,46487
A263800,单捞鸥贾风记,20171201,0,4320,4455,4220,4455,35791
A263800,单捞鸥贾风记,20171204,0,4500,4695,4385,4690,99828
A263800,单捞鸥贾风记,20171205,0,4700,4790,4585,4660,170319
A263800,单捞鸥贾风记,20171206,0,4900,5100,4595,4620,456278
A263800,单捞鸥贾风记,20171207,0,4640,4695,4400,4410,126037
A263800,单捞鸥贾风记,20171208,0,4410,4675,4410,4490,97436
A263800,单捞鸥贾风记,20171211,0,4480,4535,4385,4460,34834
A263800,单捞鸥贾风记,20171212,0,4300,4340,4170,4240,140424
A263800,单捞鸥贾风记,20171213,0,4240,4280,4190,4260,28991
A263800,单捞鸥贾风记,20171214,0,4300,4320,4160,4265,23619
A263800,单捞鸥贾风记,20171215,0,4265,4330,4205,4215,30909
A263800,单捞鸥贾风记,20171218,0,4220,4400,4200,4355,42167
A263800,单捞鸥贾风记,20171219,0,4390,4395,4115,4220,87731
A263800,单捞鸥贾风记,20171220,0,4340,4350,4210,4220,41305
A263800,单捞鸥贾风记,20171221,0,4205,4290,3985,4020,81748
A263800,单捞鸥贾风记,20171222,0,3985,4115,3985,4090,15813
A263800,单捞鸥贾风记,20171226,0,4030,4055,3900,3905,77061
A263800,单捞鸥贾风记,20171227,0,3910,4050,3900,4000,17644
A263800,单捞鸥贾风记,20171228,0,4080,4080,3950,4000,14213
A263800,单捞鸥贾风记,20180102,0,4000,4150,4000,4060,18072
A263800,单捞鸥贾风记,20180103,0,4145,4145,4070,4115,11833
A263800,单捞鸥贾风记,20180104,0,4125,4200,4065,4180,21519
A263800,单捞鸥贾风记,20180105,0,4210,4295,4160,4180,37018
A263800,单捞鸥贾风记,20180108,0,4180,4230,4075,4090,41632
A263800,单捞鸥贾风记,20180109,0,4090,4165,4055,4130,38080
A263800,单捞鸥贾风记,20180110,0,4180,4180,4020,4070,37037
A263800,单捞鸥贾风记,20180111,0,4145,4370,4045,4200,60665
A263800,单捞鸥贾风记,20180112,0,4200,4200,4120,4160,22045
A263800,单捞鸥贾风记,20180115,0,4150,4295,4115,4175,23841
A263800,单捞鸥贾风记,20180116,0,4190,4190,4090,4170,26163
A263800,单捞鸥贾风记,20180117,0,4130,4740,4130,4405,526884
A263800,单捞鸥贾风记,20180118,0,4495,5720,4435,5720,1432279
A263800,单捞鸥贾风记,20180119,0,6250,6480,5310,5670,2496486
A263800,单捞鸥贾风记,20180122,0,5670,5760,5470,5600,464189
A263800,单捞鸥贾风记,20180123,0,5600,5790,5480,5730,588565
A263800,单捞鸥贾风记,20180124,0,5730,5890,5500,5570,522685
A263800,单捞鸥贾风记,20180125,0,5470,5680,5470,5520,175983
A263800,单捞鸥贾风记,20180126,0,5590,5760,5500,5760,188579
A263800,单捞鸥贾风记,20180129,0,6470,6690,5580,5580,1591807
A263800,单捞鸥贾风记,20180130,0,5520,5530,5320,5390,278914
A263800,单捞鸥贾风记,20180131,0,5340,5430,5150,5190,190513
A263800,单捞鸥贾风记,20180201,0,5190,5340,5180,5290,117362
A263800,单捞鸥贾风记,20180202,0,5240,5330,4960,4965,172808
A263800,单捞鸥贾风记,20180205,0,4765,4900,4740,4760,106195
A263800,单捞鸥贾风记,20180206,0,4535,4895,4405,4630,90684
A263800,单捞鸥贾风记,20180207,0,4745,4810,4510,4510,95698
A263800,单捞鸥贾风记,20180208,0,4465,4620,4465,4620,56165
A263800,单捞鸥贾风记,20180209,0,4470,4555,4420,4430,50446
A263800,单捞鸥贾风记,20180212,0,4440,4580,4430,4450,49432
A263800,单捞鸥贾风记,20180213,0,4555,4620,4405,4420,63057
A263800,单捞鸥贾风记,20180214,0,4460,4525,4420,4525,24798
A263800,单捞鸥贾风记,20180219,0,4520,4685,4520,4685,35889
A263800,单捞鸥贾风记,20180220,0,4695,4890,4655,4870,87818
A263800,单捞鸥贾风记,20180221,0,4870,4905,4805,4845,40986
A263800,单捞鸥贾风记,20180222,0,4845,4890,4745,4760,39430
A263800,单捞鸥贾风记,20180223,0,4850,4850,4700,4705,36249
A263800,单捞鸥贾风记,20180226,0,4710,4760,4635,4635,58176
A263800,单捞鸥贾风记,20180227,0,4635,4690,4400,4475,82367
A263800,单捞鸥贾风记,20180228,0,4440,4525,4435,4465,30062
A263800,单捞鸥贾风记,20180302,0,4440,4515,4415,4515,19318
A263800,单捞鸥贾风记,20180305,0,4545,4680,4510,4510,50182
A263800,单捞鸥贾风记,20180306,0,4520,4770,4430,4735,89433
A263800,单捞鸥贾风记,20180307,0,4735,4750,4625,4685,59063
A263800,单捞鸥贾风记,20180308,0,4665,4910,4640,4895,80372
A263800,单捞鸥贾风记,20180309,0,4885,4945,4800,4845,77937
A263800,单捞鸥贾风记,20180312,0,4920,4920,4705,4800,85239
A263800,单捞鸥贾风记,20180313,0,4775,4955,4775,4790,90204
A263800,单捞鸥贾风记,20180314,0,4790,4905,4790,4880,35886
A263800,单捞鸥贾风记,20180315,0,4880,4895,4710,4720,55179
A263800,单捞鸥贾风记,20180316,0,4725,4785,4690,4755,20061
A263800,单捞鸥贾风记,20180319,0,4755,4775,4535,4550,72205
A263800,单捞鸥贾风记,20180320,0,4540,4645,4530,4640,23341
A263800,单捞鸥贾风记,20180321,0,4670,4770,4600,4690,25884
A263800,单捞鸥贾风记,20180322,0,4685,4685,4540,4555,48086
A263800,单捞鸥贾风记,20180323,0,4420,4500,4155,4155,108723
A263800,单捞鸥贾风记,20180326,0,4080,4230,4065,4205,21809
A263800,单捞鸥贾风记,20180327,0,4210,4300,4205,4250,10008
A263800,单捞鸥贾风记,20180328,0,4230,4230,4145,4150,54785
A263800,单捞鸥贾风记,20180329,0,4160,4425,4160,4395,22219
A263800,单捞鸥贾风记,20180330,0,4450,4500,4360,4440,23524
A263800,单捞鸥贾风记,20180402,0,4490,4490,4330,4380,22580
A263800,单捞鸥贾风记,20180403,0,4290,4420,4280,4405,5640
A263800,单捞鸥贾风记,20180404,0,4405,4450,4285,4365,21318
A263800,单捞鸥贾风记,20180405,0,4335,4395,4230,4275,15888
A263800,单捞鸥贾风记,20180406,0,4270,4420,4165,4170,23972
A263800,单捞鸥贾风记,20180409,0,4145,4200,4145,4175,13169
A263800,单捞鸥贾风记,20180410,0,4175,4245,4120,4200,13624
A263800,单捞鸥贾风记,20180411,0,4200,4220,4150,4200,17553
A263800,单捞鸥贾风记,20180412,0,4195,4270,4190,4235,10294
A263800,单捞鸥贾风记,20180413,0,4250,4315,4175,4290,21001
A263800,单捞鸥贾风记,20180416,0,4300,4355,4275,4345,13511
A263800,单捞鸥贾风记,20180417,0,4365,4365,4280,4365,12472
A263800,单捞鸥贾风记,20180418,0,4370,4400,4295,4330,16401
A263800,单捞鸥贾风记,20180419,0,4355,4355,4235,4355,14854
A263800,单捞鸥贾风记,20180420,0,4310,4490,4290,4415,19154
A263800,单捞鸥贾风记,20180423,0,4415,4450,4200,4330,53285
A263800,单捞鸥贾风记,20180424,0,4380,4380,4230,4340,24813
A263800,单捞鸥贾风记,20180425,0,4260,4360,4255,4255,17161
A263800,单捞鸥贾风记,20180426,0,4255,4300,4210,4220,16281
A263800,单捞鸥贾风记,20180427,0,4225,4520,4225,4335,77789
A263800,单捞鸥贾风记,20180430,0,4350,4350,4150,4275,44847
A263800,单捞鸥贾风记,20180502,0,4280,4280,4160,4175,29897
A263800,单捞鸥贾风记,20180503,0,4165,4220,4165,4200,7156
A263800,单捞鸥贾风记,20180504,0,4180,4245,4155,4165,22232
A263800,单捞鸥贾风记,20180508,0,4165,4200,4105,4105,22392
A263800,单捞鸥贾风记,20180509,0,4100,4150,3900,4000,66912
A263800,单捞鸥贾风记,20180510,0,3990,4070,3970,4060,20753
A263800,单捞鸥贾风记,20180511,0,4060,4090,4025,4090,8499
A263800,单捞鸥贾风记,20180514,0,4065,4150,4050,4080,8272
A263800,单捞鸥贾风记,20180515,0,4080,4080,3955,4020,29972
A263800,单捞鸥贾风记,20180516,0,3965,4000,3850,3850,50903
A263800,单捞鸥贾风记,20180517,0,3850,3975,3800,3940,19235
A263800,单捞鸥贾风记,20180518,0,3940,4005,3835,3985,8962
A263800,单捞鸥贾风记,20180521,0,4010,4050,3945,3945,20588
A263800,单捞鸥贾风记,20180523,0,4020,4025,3920,3920,11323
A263800,单捞鸥贾风记,20180524,0,3920,4010,3900,3905,9277
A263800,单捞鸥贾风记,20180525,0,3905,3905,3800,3850,29072
A263800,单捞鸥贾风记,20180528,0,3805,3880,3595,3625,123252
A263800,单捞鸥贾风记,20180529,0,3625,3690,3570,3635,30678
A263800,单捞鸥贾风记,20180530,0,3635,3700,3595,3625,12499
A263800,单捞鸥贾风记,20180531,0,3585,3675,3545,3585,29642
A263800,单捞鸥贾风记,20180601,0,3620,3620,3535,3555,9865
A263800,单捞鸥贾风记,20180604,0,3580,3630,3550,3600,6714
A263800,单捞鸥贾风记,20180605,0,3600,4200,3600,3825,155786
A263800,单捞鸥贾风记,20180607,0,3810,4100,3810,4090,88472
A263800,单捞鸥贾风记,20180608,0,4090,4090,3905,4000,48374
A263800,单捞鸥贾风记,20180611,0,4000,4050,3810,3810,34969
A263800,单捞鸥贾风记,20180612,0,3810,3835,3670,3750,29330
A263800,单捞鸥贾风记,20180614,0,3750,3790,3610,3635,33683
A263800,单捞鸥贾风记,20180615,0,3635,3750,3595,3645,13494
A263800,单捞鸥贾风记,20180618,0,3645,3645,3490,3515,18228
A263800,单捞鸥贾风记,20180619,0,3355,3515,3315,3390,23342
A263800,单捞鸥贾风记,20180620,0,3305,3845,3305,3490,87632
A263800,单捞鸥贾风记,20180621,0,3460,3520,3380,3435,11676
A263800,单捞鸥贾风记,20180622,0,3435,3480,3335,3370,5082
A263800,单捞鸥贾风记,20180625,0,3345,3495,3310,3370,17262
A263800,单捞鸥贾风记,20180626,0,3370,3420,3270,3370,5026
A263800,单捞鸥贾风记,20180627,0,3460,3505,3375,3445,13641
A263800,单捞鸥贾风记,20180628,0,3485,3485,3320,3325,11464
A263800,单捞鸥贾风记,20180629,0,3285,3340,3235,3265,6046
A263800,单捞鸥贾风记,20180702,0,3220,3285,3015,3230,21222
A263800,单捞鸥贾风记,20180703,0,3230,3290,2925,3075,16236
A263800,单捞鸥贾风记,20180704,0,3080,3140,3080,3120,3038
A263800,单捞鸥贾风记,20180705,0,3200,3200,3050,3180,4353
A263800,单捞鸥贾风记,20180706,0,3180,3240,3090,3230,1718
A263800,单捞鸥贾风记,20180709,0,3230,3230,3085,3200,5072
A263800,单捞鸥贾风记,20180710,0,3200,3280,3120,3275,5603
A263800,单捞鸥贾风记,20180711,0,3275,4025,3230,3415,394498
A263800,单捞鸥贾风记,20180712,0,3430,3490,3355,3380,52792
A263800,单捞鸥贾风记,20180713,0,3370,3435,3320,3410,18736
A263800,单捞鸥贾风记,20180716,0,3410,3475,3330,3435,10993
A263800,单捞鸥贾风记,20180717,0,3435,3475,3330,3330,11175
A263800,单捞鸥贾风记,20180718,0,3365,3525,3365,3455,19801
A263800,单捞鸥贾风记,20180719,0,3510,3510,3350,3425,10863
A263800,单捞鸥贾风记,20180720,0,3345,3450,3220,3280,16043
A263800,单捞鸥贾风记,20180723,0,3210,3280,3090,3090,11334
A263800,单捞鸥贾风记,20180724,0,3090,3250,3030,3085,2891
A263800,单捞鸥贾风记,20180725,0,3085,3175,3050,3090,10514
A263800,单捞鸥贾风记,20180726,0,3100,3180,3100,3120,4017
A263800,单捞鸥贾风记,20180727,0,3140,3245,3130,3235,5763
A263800,单捞鸥贾风记,20180730,0,3235,3955,3100,3480,405136
A263800,单捞鸥贾风记,20180731,0,3480,3500,3365,3500,134633
A263800,单捞鸥贾风记,20180801,0,3485,3490,3410,3440,21954
A263800,单捞鸥贾风记,20180802,0,3490,3950,3365,3490,400161
A263800,单捞鸥贾风记,20180803,0,3460,3565,3310,3475,64669
A263800,单捞鸥贾风记,20180806,0,3475,3540,3380,3450,24936
A263800,单捞鸥贾风记,20180807,0,3435,3950,3405,3755,673763
A263800,单捞鸥贾风记,20180808,0,3760,3890,3700,3745,169919
A263800,单捞鸥贾风记,20180809,0,3730,3970,3660,3660,278966
A263800,单捞鸥贾风记,20180810,0,3660,3665,3550,3640,72866
A263800,单捞鸥贾风记,20180813,0,3635,3635,3395,3480,104727
A263800,单捞鸥贾风记,20180814,0,3480,4195,3480,3715,2848373
A263800,单捞鸥贾风记,20180816,0,3665,3695,3515,3640,276877
A263800,单捞鸥贾风记,20180817,0,3705,4150,3635,3805,1511871
A263800,单捞鸥贾风记,20180820,0,3785,4095,3770,4000,591837
A263800,单捞鸥贾风记,20180821,0,3995,4135,3865,3970,280411
A263800,单捞鸥贾风记,20180822,0,3960,4280,3860,4280,487025
A263800,单捞鸥贾风记,20180823,0,4230,4280,4095,4155,374370
A263800,单捞鸥贾风记,20180824,0,4155,4245,4080,4080,180983
A263800,单捞鸥贾风记,20180827,0,4080,4165,3950,4135,152564
A263800,单捞鸥贾风记,20180828,0,4100,4305,4060,4250,244114
A263800,单捞鸥贾风记,20180829,0,4240,4300,4190,4200,88523
A263800,单捞鸥贾风记,20180830,0,4210,4245,4050,4225,116190
A263800,单捞鸥贾风记,20180831,0,4235,4440,4080,4190,474297
A263800,单捞鸥贾风记,20180903,0,4595,4985,4320,4320,2133376
A263800,单捞鸥贾风记,20180904,0,4285,4345,4215,4280,193808
A263800,单捞鸥贾风记,20180905,0,4420,5150,4375,4585,2400541
A263800,单捞鸥贾风记,20180906,0,4570,4690,4470,4580,267588
A263800,单捞鸥贾风记,20180907,0,4575,4575,4270,4275,333042
A263800,单捞鸥贾风记,20180910,0,4260,4270,4115,4145,149546
A263800,单捞鸥贾风记,20180911,0,4145,4385,4145,4385,120763
A263800,单捞鸥贾风记,20180912,0,4370,4385,4205,4225,137385
A263800,单捞鸥贾风记,20180913,0,4225,4225,4050,4050,122216
A263800,单捞鸥贾风记,20180914,0,4080,4145,4030,4050,72734
A263800,单捞鸥贾风记,20180917,0,4050,4120,3995,4050,56627
A263800,单捞鸥贾风记,20180918,0,4010,4030,3900,3905,90324
A263800,单捞鸥贾风记,20180919,0,3880,4120,3800,3905,84534
A263800,单捞鸥贾风记,20180920,0,3905,3960,3815,3820,58720
A263800,单捞鸥贾风记,20180921,0,3825,3900,3755,3765,64039
A263800,单捞鸥贾风记,20180927,0,3775,3840,3750,3770,26376
A263800,单捞鸥贾风记,20180928,0,3770,3850,3750,3760,39213
A263800,单捞鸥贾风记,20181001,0,3815,4050,3750,3910,61303
A263800,单捞鸥贾风记,20181002,0,3905,3975,3830,3910,64027
A263800,单捞鸥贾风记,20181004,0,3920,3950,3800,3805,47028
A263800,单捞鸥贾风记,20181005,0,3735,3810,3500,3530,91987
A263800,单捞鸥贾风记,20181008,0,3525,3670,3510,3545,21535
A263800,单捞鸥贾风记,20181010,0,3520,3575,3335,3350,90157
A263800,单捞鸥贾风记,20181011,0,3215,3330,3130,3130,114425
A263800,单捞鸥贾风记,20181012,0,3050,3330,3050,3275,10030
A263800,单捞鸥贾风记,20181015,0,3240,3390,3230,3270,27274
A263800,单捞鸥贾风记,20181016,0,3240,3370,3220,3360,14473
A263800,单捞鸥贾风记,20181017,0,3365,3425,3365,3415,11607
A263800,单捞鸥贾风记,20181018,0,3445,3460,3360,3360,9241
A263800,单捞鸥贾风记,20181019,0,3360,3390,3300,3375,22852
A263800,单捞鸥贾风记,20181022,0,3315,3490,3255,3480,37750
A263800,单捞鸥贾风记,20181023,0,3480,3560,3300,3310,38422
A263800,单捞鸥贾风记,20181024,0,3330,3380,3250,3310,35861
A263800,单捞鸥贾风记,20181025,0,3145,3250,3100,3240,35090
A263800,单捞鸥贾风记,20181026,0,3200,3265,2960,2960,50270
A263800,单捞鸥贾风记,20181029,0,2870,2995,2540,2540,70621
A263800,单捞鸥贾风记,20181030,0,2160,2550,2160,2440,45404
A263800,单捞鸥贾风记,20181031,0,2405,2585,2330,2550,24534
A263800,单捞鸥贾风记,20181101,0,2615,2700,2505,2595,26131
A263800,单捞鸥贾风记,20181102,0,2620,2770,2610,2730,15447
A263800,单捞鸥贾风记,20181105,0,2730,2750,2685,2730,12190
A263800,单捞鸥贾风记,20181106,0,2760,2940,2745,2810,33578
A263800,单捞鸥贾风记,20181107,0,2790,2865,2695,2750,15489
A263800,单捞鸥贾风记,20181108,0,2835,2975,2830,2860,36168
A263800,单捞鸥贾风记,20181109,0,2870,2870,2770,2855,12671
A263800,单捞鸥贾风记,20181112,0,2855,2875,2780,2800,7161
A263800,单捞鸥贾风记,20181113,0,2740,2785,2645,2735,17289
A263800,单捞鸥贾风记,20181114,0,2695,2750,2660,2660,15537
A263800,单捞鸥贾风记,20181115,0,2595,2700,2595,2700,5034
A263800,单捞鸥贾风记,20181116,0,2750,2775,2685,2710,16651
A263800,单捞鸥贾风记,20181119,0,2710,2980,2605,2800,69602
A263800,单捞鸥贾风记,20181120,0,2800,2930,2775,2845,27178
A263800,单捞鸥贾风记,20181121,0,2775,2895,2765,2780,45396
A263800,单捞鸥贾风记,20181122,0,2755,2830,2655,2655,18163
A263800,单捞鸥贾风记,20181123,0,2685,2705,2620,2680,13092
A263800,单捞鸥贾风记,20181126,0,2720,2755,2635,2685,29287
A263800,单捞鸥贾风记,20181127,0,2630,2755,2630,2745,12547
A263800,单捞鸥贾风记,20181128,0,2760,2810,2665,2745,13941
A263800,单捞鸥贾风记,20181129,0,2765,2795,2620,2730,32006
A263800,单捞鸥贾风记,20181130,0,3000,3370,2685,2800,2064621
A263800,单捞鸥贾风记,20181203,0,2830,2835,2755,2785,195997
A263800,单捞鸥贾风记,20181204,0,2825,3620,2780,3620,3028646
A263800,单捞鸥贾风记,20181205,0,3555,3670,3480,3650,1275010
A263800,单捞鸥贾风记,20181206,0,3880,3920,3375,3460,1095439
A263800,单捞鸥贾风记,20181207,0,3680,4170,3515,3650,4066608
A263800,单捞鸥贾风记,20181210,0,3500,3665,3375,3535,507780
A263800,单捞鸥贾风记,20181211,0,3545,3555,3270,3285,497279
A263800,单捞鸥贾风记,20181212,0,3270,3400,3260,3380,269416
A263800,单捞鸥贾风记,20181213,0,3320,3500,3300,3500,389807
A263800,单捞鸥贾风记,20181214,0,3465,3465,3210,3210,345323
A263800,单捞鸥贾风记,20181217,0,3215,3325,3135,3270,162902
A263800,单捞鸥贾风记,20181218,0,3200,3225,2925,2935,330756
A263800,单捞鸥贾风记,20181219,0,2935,2995,2925,2940,128723
A263800,单捞鸥贾风记,20181220,0,2880,3000,2830,2835,150223
A263800,单捞鸥贾风记,20181221,0,2880,2975,2840,2975,66884
A263800,单捞鸥贾风记,20181224,0,2925,2965,2795,2830,130911
A263800,单捞鸥贾风记,20181226,0,2775,2805,2715,2720,111366
A263800,单捞鸥贾风记,20181227,0,2800,2835,2755,2760,31010
A263800,单捞鸥贾风记,20181228,0,2740,2940,2740,2875,45815
A263800,单捞鸥贾风记,20190102,0,2980,3300,2950,3070,876438
A263800,单捞鸥贾风记,20190103,0,3045,3190,3005,3075,160775
A263800,单捞鸥贾风记,20190104,0,3050,3075,2870,2940,175644
A263800,单捞鸥贾风记,20190107,0,2970,3100,2955,3100,61343
A263800,单捞鸥贾风记,20190108,0,3130,3130,2980,2980,72080
A263800,单捞鸥贾风记,20190109,0,2980,3110,2980,3110,42885
A263800,单捞鸥贾风记,20190110,0,3305,3305,3070,3070,345731
A263800,单捞鸥贾风记,20190111,0,3050,3145,3050,3100,75099
A263800,单捞鸥贾风记,20190114,0,3100,3150,3055,3120,52042
A263800,单捞鸥贾风记,20190115,0,3105,3155,3090,3135,40396
A263800,单捞鸥贾风记,20190116,0,3130,3225,3100,3155,92755
A263800,单捞鸥贾风记,20190117,0,3165,3280,3145,3170,112947
A263800,单捞鸥贾风记,20190118,0,3205,3285,3155,3210,129627
A263800,单捞鸥贾风记,20190121,0,3260,3320,3225,3245,85210
A263800,单捞鸥贾风记,20190122,0,3220,3350,3150,3150,124049
A263800,单捞鸥贾风记,20190123,0,3150,3210,3095,3140,24887
A263800,单捞鸥贾风记,20190124,0,3130,3300,3115,3240,102494
A263800,单捞鸥贾风记,20190125,0,3240,3260,3175,3180,57897
A263800,单捞鸥贾风记,20190128,0,3180,3205,3110,3110,57435
A263800,单捞鸥贾风记,20190129,0,3135,3135,3035,3060,67449
A263800,单捞鸥贾风记,20190130,0,3060,3085,3005,3030,41924
A263800,单捞鸥贾风记,20190131,0,3065,3065,2975,2985,46499
A263800,单捞鸥贾风记,20190201,0,2985,3230,2985,3110,106368
A263800,单捞鸥贾风记,20190207,0,3080,3215,3080,3205,47823
A263800,单捞鸥贾风记,20190208,0,3200,3220,3070,3120,55930
A263800,单捞鸥贾风记,20190211,0,3120,3185,3100,3175,34914
A263800,单捞鸥贾风记,20190212,0,3205,3255,3155,3225,54143
A263800,单捞鸥贾风记,20190213,0,3255,3300,3190,3280,68766
A263800,单捞鸥贾风记,20190214,0,3260,3310,3200,3280,54141
A263800,单捞鸥贾风记,20190215,0,3250,3300,3110,3215,76584
A263800,单捞鸥贾风记,20190218,0,3185,3230,3165,3215,18118
A263800,单捞鸥贾风记,20190219,0,3215,3230,3165,3205,29729
A263800,单捞鸥贾风记,20190220,0,3230,3250,3170,3230,23454
A263800,单捞鸥贾风记,20190221,0,3435,3520,3270,3275,317398
A263800,单捞鸥贾风记,20190222,0,3275,3355,3180,3220,87310
A263800,单捞鸥贾风记,20190225,0,3220,3270,3210,3245,21189
A263800,单捞鸥贾风记,20190226,0,3240,3370,3240,3320,66682
A263800,单捞鸥贾风记,20190227,0,3350,3350,3275,3280,44966
A263800,单捞鸥贾风记,20190228,0,3255,3300,2995,3115,87692
A263800,单捞鸥贾风记,20190304,0,3090,3205,3040,3110,43727
A263800,单捞鸥贾风记,20190305,0,3090,3165,3090,3120,25802
A263800,单捞鸥贾风记,20190306,0,3125,3265,3120,3255,43568
A263800,单捞鸥贾风记,20190307,0,3255,3265,3170,3185,41488
A263800,单捞鸥贾风记,20190308,0,3140,3200,3060,3060,57834
A263800,单捞鸥贾风记,20190311,0,3070,3085,2985,3020,41650
A263800,单捞鸥贾风记,20190312,0,3050,3090,2995,3060,13830
A263800,单捞鸥贾风记,20190313,0,3060,3260,3020,3110,68366
A263800,单捞鸥贾风记,20190314,0,3080,3185,3080,3130,36336
A263800,单捞鸥贾风记,20190315,0,3145,3145,3055,3070,25160
A263800,单捞鸥贾风记,20190318,0,3040,3135,3040,3105,12305
A263800,单捞鸥贾风记,20190319,0,3080,3170,3075,3160,17053
A263800,单捞鸥贾风记,20190320,0,3255,3255,3085,3140,33210
A263800,单捞鸥贾风记,20190321,0,3130,3160,3055,3055,33961
A263800,单捞鸥贾风记,20190322,0,3065,3095,2955,2990,54913
A263800,单捞鸥贾风记,20190325,0,2900,3000,2870,2875,67540
A263800,单捞鸥贾风记,20190326,0,2885,2990,2880,2940,22918
A263800,单捞鸥贾风记,20190327,0,2910,2970,2875,2940,33980
A263800,单捞鸥贾风记,20190328,0,2940,2940,2870,2895,26127
A263800,单捞鸥贾风记,20190329,0,2885,2975,2750,2885,38460
A263800,单捞鸥贾风记,20190401,0,2880,2940,2875,2930,13508
A263800,单捞鸥贾风记,20190402,0,2910,2965,2885,2950,16136
A263800,单捞鸥贾风记,20190403,0,2950,3040,2945,3020,31783
A263800,单捞鸥贾风记,20190404,0,3000,3040,2980,3005,20522
A263800,单捞鸥贾风记,20190405,0,3005,3085,2980,3020,19407
A263800,单捞鸥贾风记,20190408,0,3000,3175,2985,3005,55371
A263800,单捞鸥贾风记,20190409,0,3030,3095,3005,3055,21675
A263800,单捞鸥贾风记,20190410,0,3085,3085,3015,3070,19390
A263800,单捞鸥贾风记,20190411,0,3050,3140,3050,3125,35024
A263800,单捞鸥贾风记,20190412,0,3125,3170,3100,3140,42915
A263800,单捞鸥贾风记,20190415,0,3140,3170,3075,3090,45830
A263800,单捞鸥贾风记,20190416,0,3075,3160,3050,3160,22516
A263800,单捞鸥贾风记,20190417,0,3180,3180,3105,3160,35152
A263800,单捞鸥贾风记,20190418,0,3155,3160,3060,3095,61955
A263800,单捞鸥贾风记,20190419,0,3060,3135,3060,3120,27011
A263800,单捞鸥贾风记,20190422,0,3160,3220,3120,3165,54070
A263800,单捞鸥贾风记,20190423,0,3180,3190,3115,3170,36786
A263800,单捞鸥贾风记,20190424,0,3330,3965,3265,3535,5142557
A263800,单捞鸥贾风记,20190425,0,3535,3570,3320,3360,732057
A263800,单捞鸥贾风记,20190426,0,3360,3480,3195,3205,550249
A263800,单捞鸥贾风记,20190429,0,3180,3330,3175,3330,114065
A263800,单捞鸥贾风记,20190430,0,3400,3920,3370,3480,3709408
A263800,单捞鸥贾风记,20190502,0,3465,3640,3415,3630,451773
A263800,单捞鸥贾风记,20190503,0,3640,3670,3500,3615,333052
A263800,单捞鸥贾风记,20190507,0,3540,3585,3475,3545,104055
A263800,单捞鸥贾风记,20190508,0,3450,3610,3410,3535,113242
A263800,单捞鸥贾风记,20190509,0,3535,3600,3340,3400,247242
A263800,单捞鸥贾风记,20190510,0,3375,3435,3235,3250,161247
A263800,单捞鸥贾风记,20190513,0,3320,3450,3290,3310,123002
A263800,单捞鸥贾风记,20190514,0,3250,3430,3250,3400,62495
A263800,单捞鸥贾风记,20190515,0,3405,3595,3350,3575,208326
A263800,单捞鸥贾风记,20190516,0,3555,3625,3445,3450,238441
A263800,单捞鸥贾风记,20190517,0,3455,3550,3420,3470,73937
A263800,单捞鸥贾风记,20190520,0,3475,3945,3360,3945,453004
A263800,单捞鸥贾风记,20190521,0,3790,3840,3415,3525,712818
A263800,单捞鸥贾风记,20190522,0,3530,3680,3490,3570,217600
A263800,单捞鸥贾风记,20190523,0,3535,3665,3480,3580,108729
A263800,单捞鸥贾风记,20190524,0,3580,3850,3300,3315,475496
A263800,单捞鸥贾风记,20190527,0,3305,3385,3195,3205,110286
A263800,单捞鸥贾风记,20190528,0,3335,3335,3210,3275,57180
A263800,单捞鸥贾风记,20190529,0,3275,3310,3185,3220,90605
A263800,单捞鸥贾风记,20190530,0,3205,3255,3070,3090,99723
A263800,单捞鸥贾风记,20190531,0,3070,3165,3005,3125,26706
A263800,单捞鸥贾风记,20190603,0,3130,3180,3095,3120,16738
A263800,单捞鸥贾风记,20190604,0,3115,3145,3000,3085,74127
A263800,单捞鸥贾风记,20190605,0,3090,3210,3080,3175,44377
A263800,单捞鸥贾风记,20190607,0,3185,3340,3185,3325,33592
A263800,单捞鸥贾风记,20190610,0,3325,3390,3300,3370,70307
A263800,单捞鸥贾风记,20190611,0,3515,3710,3430,3560,1183476
A263800,单捞鸥贾风记,20190612,0,3505,3565,3370,3440,227789
A263800,单捞鸥贾风记,20190613,0,3450,4240,3450,3830,4532089
A263800,单捞鸥贾风记,20190614,0,3830,3860,3660,3780,800239
A263800,单捞鸥贾风记,20190617,0,3770,3795,3645,3740,397053
A263800,单捞鸥贾风记,20190618,0,3760,3835,3520,3520,660131
A263800,单捞鸥贾风记,20190619,0,3565,3710,3520,3665,125691
A263800,单捞鸥贾风记,20190620,0,3665,3785,3580,3625,218297
A263800,单捞鸥贾风记,20190621,0,3640,3845,3640,3685,254210
A263800,单捞鸥贾风记,20190624,0,3685,3800,3600,3630,183245
A263800,单捞鸥贾风记,20190625,0,3685,3770,3560,3750,124686
A263800,单捞鸥贾风记,20190626,0,3760,3760,3640,3690,155445
A263800,单捞鸥贾风记,20190627,0,3655,3720,3445,3510,165564
A263800,单捞鸥贾风记,20190628,0,3495,3560,3330,3415,137224
A263800,单捞鸥贾风记,20190701,0,3370,3530,3365,3390,55649
A263800,单捞鸥贾风记,20190702,0,3350,3450,3350,3425,29236
A263800,单捞鸥贾风记,20190703,0,3425,3460,3360,3380,59221
A263800,单捞鸥贾风记,20190704,0,3380,3485,3335,3480,68386
A263800,单捞鸥贾风记,20190705,0,3790,3790,3485,3525,327846
A263800,单捞鸥贾风记,20190708,0,3565,3565,3345,3370,117603
A263800,单捞鸥贾风记,20190709,0,3390,3450,3110,3150,127382
A263800,单捞鸥贾风记,20190710,0,3160,3250,3115,3185,43586
A263800,单捞鸥贾风记,20190711,0,3300,4140,3300,4140,721603
A263800,单捞鸥贾风记,20190712,0,4055,4865,4000,4255,8456125
A263800,单捞鸥贾风记,20190715,0,4295,4660,4200,4370,2939519
A263800,单捞鸥贾风记,20190716,0,4355,4515,4100,4480,1218727
A263800,单捞鸥贾风记,20190717,0,4410,4530,4210,4430,609609
A263800,单捞鸥贾风记,20190718,0,4450,4470,4155,4280,526161
A263800,单捞鸥贾风记,20190719,0,4200,4365,4170,4270,325318
A263800,单捞鸥贾风记,20190722,0,4250,4325,4100,4245,204835
A263800,单捞鸥贾风记,20190723,0,4200,4455,3870,3950,818485
A263800,单捞鸥贾风记,20190724,0,3900,4070,3810,3810,369539
A263800,单捞鸥贾风记,20190725,0,3750,3860,3670,3715,267238
A263800,单捞鸥贾风记,20190726,0,3710,3990,3575,3785,420587
A263800,单捞鸥贾风记,20190729,0,3750,3800,3385,3425,280177
A263800,单捞鸥贾风记,20190730,0,3375,3585,3375,3485,119591
A263800,单捞鸥贾风记,20190731,0,3470,3555,3295,3535,135445
A263800,单捞鸥贾风记,20190801,0,3550,3615,3390,3400,227409
A263800,单捞鸥贾风记,20190802,0,3320,3570,3320,3535,86871
A263800,单捞鸥贾风记,20190805,0,3490,3575,3025,3060,281968
A263800,单捞鸥贾风记,20190806,0,2900,3185,2700,2810,216314
A263800,单捞鸥贾风记,20190807,0,2800,3065,2800,3015,84655
A263800,单捞鸥贾风记,20190808,0,3015,3170,2990,3085,89841
A263800,单捞鸥贾风记,20190809,0,3135,3190,3060,3090,58586
A263800,单捞鸥贾风记,20190812,0,3120,3145,3035,3145,49932
A263800,单捞鸥贾风记,20190813,0,3170,3245,3075,3245,57624
A263800,单捞鸥贾风记,20190814,0,3285,3365,3250,3275,108009
A263800,单捞鸥贾风记,20190816,0,3165,3220,3085,3170,100275
A263800,单捞鸥贾风记,20190819,0,3170,3280,3110,3280,44835
A263800,单捞鸥贾风记,20190820,0,3380,3395,3280,3310,38524
A263800,单捞鸥贾风记,20190821,0,3310,3465,3300,3400,56039
A263800,单捞鸥贾风记,20190822,0,3430,3440,3310,3310,82343
A263800,单捞鸥贾风记,20190823,0,3165,3330,3160,3260,49058
A263800,单捞鸥贾风记,20190826,0,3140,3200,3005,3085,96828
A263800,单捞鸥贾风记,20190827,0,3105,3280,3105,3150,65014
A263800,单捞鸥贾风记,20190828,0,3140,3310,3140,3230,25101
A263800,单捞鸥贾风记,20190829,0,3220,3280,3180,3235,37342
A263800,单捞鸥贾风记,20190830,0,3290,3290,3200,3265,40854
A263800,单捞鸥贾风记,20190902,0,3245,3325,3245,3320,23797
A263800,单捞鸥贾风记,20190903,0,3320,3395,3295,3375,39749
A263800,单捞鸥贾风记,20190904,0,3340,3915,3340,3570,2360912
A263800,单捞鸥贾风记,20190905,0,3600,3620,3450,3490,363283
A263800,单捞鸥贾风记,20190906,0,3510,4155,3510,3865,5243999
A263800,单捞鸥贾风记,20190909,0,3835,3930,3785,3930,674873
A263800,单捞鸥贾风记,20190910,0,3935,3990,3715,3720,643872
A263800,单捞鸥贾风记,20190911,0,3660,3825,3655,3690,279379
A263800,单捞鸥贾风记,20190916,0,3700,3860,3650,3720,295297
A263800,单捞鸥贾风记,20190917,0,3720,3915,3655,3865,312159
A263800,单捞鸥贾风记,20190918,0,3875,3935,3800,3800,337202
A263800,单捞鸥贾风记,20190919,0,3805,3945,3805,3915,124546
A263800,单捞鸥贾风记,20190920,0,3945,3965,3840,3885,282055
A263800,单捞鸥贾风记,20190923,0,3850,3925,3695,3790,222498
A263800,单捞鸥贾风记,20190924,0,3765,3875,3755,3755,98345
A263800,单捞鸥贾风记,20190925,0,3740,3740,3620,3670,161268
A263800,单捞鸥贾风记,20190926,0,3750,3790,3670,3730,92396
A263800,单捞鸥贾风记,20190927,0,3700,3850,3700,3850,66349
A263800,单捞鸥贾风记,20190930,0,3850,3875,3730,3750,115056
A263800,单捞鸥贾风记,20191001,0,3800,4150,3775,3940,1687454
A263800,单捞鸥贾风记,20191002,0,3835,3835,3720,3770,304986
A263800,单捞鸥贾风记,20191004,0,3770,3785,3540,3630,144607
A263800,单捞鸥贾风记,20191007,0,3510,3595,3335,3370,284886
A263800,单捞鸥贾风记,20191008,0,3360,3550,3290,3430,97995
A263800,单捞鸥贾风记,20191010,0,3305,3750,3305,3595,202724
A263800,单捞鸥贾风记,20191011,0,3670,3850,3545,3850,172197
A263800,单捞鸥贾风记,20191014,0,4000,4290,3610,3630,801106
A263800,单捞鸥贾风记,20191015,0,3590,3740,3575,3650,127646
A263800,单捞鸥贾风记,20191016,0,3690,3780,3605,3740,79425
A263800,单捞鸥贾风记,20191017,0,3740,3810,3700,3720,85914
A263800,单捞鸥贾风记,20191018,0,3720,3810,3660,3705,104741
A263800,单捞鸥贾风记,20191021,0,3650,3680,3570,3580,83871
A263800,单捞鸥贾风记,20191022,0,3595,3695,3570,3640,77553
A263800,单捞鸥贾风记,20191023,0,3605,3695,3475,3500,101708
A263800,单捞鸥贾风记,20191024,0,3485,3550,3425,3525,54951
A263800,单捞鸥贾风记,20191025,0,3525,3800,3430,3775,156810
A263800,单捞鸥贾风记,20191028,0,3805,3930,3725,3780,257410
A263800,单捞鸥贾风记,20191029,0,3905,3915,3705,3750,239536
A263800,单捞鸥贾风记,20191030,0,3750,3945,3730,3865,237668
A263800,单捞鸥贾风记,20191031,0,3835,3890,3790,3830,147666
A263800,单捞鸥贾风记,20191101,0,3800,3980,3715,3980,166868
A263800,单捞鸥贾风记,20191104,0,3945,3990,3860,3945,197745
A263800,单捞鸥贾风记,20191105,0,3930,4035,3895,3895,166970
A263800,单捞鸥贾风记,20191106,0,3895,3975,3850,3900,99806
A263800,单捞鸥贾风记,20191107,0,3860,3990,3860,3960,87943
A263800,单捞鸥贾风记,20191108,0,3960,3995,3845,3895,103822
A263800,单捞鸥贾风记,20191111,0,3905,4165,3905,4050,270023
A263800,单捞鸥贾风记,20191112,0,4120,4200,4000,4195,376035
A263800,单捞鸥贾风记,20191113,0,4275,4275,4025,4065,369827
A263800,单捞鸥贾风记,20191114,0,3995,4175,3995,4160,134325
A263800,单捞鸥贾风记,20191115,0,4170,4200,4050,4050,105247
A263800,单捞鸥贾风记,20191118,0,4095,4120,3955,4085,157574
A263800,单捞鸥贾风记,20191119,0,4055,4070,3845,3890,218370
A263800,单捞鸥贾风记,20191120,0,3875,3885,3630,3705,139780
A263800,单捞鸥贾风记,20191121,0,3700,3795,3635,3665,80638
A263800,单捞鸥贾风记,20191122,0,3650,3720,3520,3555,74499
A263800,单捞鸥贾风记,20191125,0,3560,3790,3510,3735,58317
A263800,单捞鸥贾风记,20191126,0,3800,3800,3685,3765,64734
A263800,单捞鸥贾风记,20191127,0,3795,3855,3700,3775,71867
A263800,单捞鸥贾风记,20191128,0,3775,3850,3745,3815,47517
A263800,单捞鸥贾风记,20191129,0,3900,3955,3650,3660,124056
A263800,单捞鸥贾风记,20191202,0,3660,3800,3655,3740,21310
A263800,单捞鸥贾风记,20191203,0,3675,3910,3635,3910,43738
A263800,单捞鸥贾风记,20191204,0,3910,4050,3835,3955,173203
A263800,单捞鸥贾风记,20191205,0,4695,4695,3670,3670,2019555
A263800,单捞鸥贾风记,20191206,0,3630,3740,3610,3640,220659
A263800,单捞鸥贾风记,20191209,0,3695,4730,3645,4730,2368030
A263800,单捞鸥贾风记,20191210,0,4490,5450,4305,4850,10081824
A263800,单捞鸥贾风记,20191211,0,4750,4840,4430,4565,1634640
A263800,单捞鸥贾风记,20191212,0,4495,4980,4465,4650,2995161
A263800,单捞鸥贾风记,20191213,0,4580,4960,4400,4805,2849537
A263800,单捞鸥贾风记,20191216,0,4715,4895,4670,4815,1084164
A263800,单捞鸥贾风记,20191217,0,4840,4845,4490,4565,710445
A263800,单捞鸥贾风记,20191218,0,4580,4835,4575,4590,808082
A263800,单捞鸥贾风记,20191219,0,4545,4650,4410,4410,293533
A263800,单捞鸥贾风记,20191220,0,4420,4515,4310,4470,272793
A263800,单捞鸥贾风记,20191223,0,4420,4760,4330,4565,854039
A263800,单捞鸥贾风记,20191224,0,4450,4525,4100,4180,432888
A263800,单捞鸥贾风记,20191226,0,4180,4460,4180,4390,246971
A263800,单捞鸥贾风记,20191227,0,4390,4485,4325,4365,201150
A263800,单捞鸥贾风记,20191230,0,4365,4695,4345,4490,671663
A263800,单捞鸥贾风记,20200102,0,4650,4725,4515,4700,517984
A263800,单捞鸥贾风记,20200103,0,4700,4740,4580,4605,387404
A263800,单捞鸥贾风记,20200106,0,4630,5250,4610,4930,2985331
A263800,单捞鸥贾风记,20200107,0,5340,6400,5110,6110,6592419
A263800,单捞鸥贾风记,20200108,0,6110,6750,5600,5940,5373369
A263800,单捞鸥贾风记,20200109,0,6160,6590,5990,6210,4320262
A263800,单捞鸥贾风记,20200110,0,6500,6530,5520,5520,2363842
A263800,单捞鸥贾风记,20200113,0,5490,5650,5370,5470,583768
A263800,单捞鸥贾风记,20200114,0,5520,5580,5220,5310,705657
A263800,单捞鸥贾风记,20200115,0,5330,5430,5270,5270,295021
A263800,单捞鸥贾风记,20200116,0,5250,5560,5230,5320,602235
A263800,单捞鸥贾风记,20200117,0,5300,5360,5070,5250,490677
A263800,单捞鸥贾风记,20200120,0,5250,5250,5040,5070,301549
A263800,单捞鸥贾风记,20200121,0,5060,5200,4870,4900,271934
A263800,单捞鸥贾风记,20200122,0,4865,5060,4865,5000,121290
A263800,单捞鸥贾风记,20200123,0,5000,5150,4900,4900,206101
A263800,单捞鸥贾风记,20200128,0,4760,4825,4540,4740,178517
A263800,单捞鸥贾风记,20200129,0,4795,4875,4685,4800,110115
A263800,单捞鸥贾风记,20200130,0,4865,4875,4500,4580,220660
A263800,单捞鸥贾风记,20200131,0,4580,4760,4490,4515,150191
A263800,单捞鸥贾风记,20200203,0,4440,4675,4320,4660,120732
A263800,单捞鸥贾风记,20200204,0,4690,4820,4630,4790,103754
A263800,单捞鸥贾风记,20200205,0,4790,4880,4730,4745,117873
A263800,单捞鸥贾风记,20200206,0,4760,4835,4750,4805,92247
A263800,单捞鸥贾风记,20200207,0,4805,4870,4755,4870,62810
A263800,单捞鸥贾风记,20200210,0,4800,4940,4800,4860,65058
A263800,单捞鸥贾风记,20200211,0,4910,4930,4815,4870,80314
A263800,单捞鸥贾风记,20200212,0,4870,5020,4845,4970,140306
A263800,单捞鸥贾风记,20200213,0,5000,5000,4810,4890,106242
A263800,单捞鸥贾风记,20200214,0,4880,4975,4775,4975,64231
A263800,单捞鸥贾风记,20200217,0,5000,5120,4935,4990,168302
A263800,单捞鸥贾风记,20200218,0,4965,5030,4775,4805,122138
A263800,单捞鸥贾风记,20200219,0,4810,4880,4655,4800,40674
A263800,单捞鸥贾风记,20200220,0,4780,4950,4745,4845,88280
A263800,单捞鸥贾风记,20200221,0,4845,5320,4785,5050,656376
A263800,单捞鸥贾风记,20200224,0,4980,4980,4605,4605,312556
A263800,单捞鸥贾风记,20200225,0,4500,4720,4350,4640,73548
A263800,单捞鸥贾风记,20200226,0,4550,4630,4400,4630,91533
A263800,单捞鸥贾风记,20200227,0,4615,4680,4275,4300,141957
A263800,单捞鸥贾风记,20200228,0,4175,4295,3980,4000,111853
A263800,单捞鸥贾风记,20200302,0,4000,4230,3845,4195,63733
A263800,单捞鸥贾风记,20200303,0,4235,4395,4190,4245,55822
A263800,单捞鸥贾风记,20200304,0,4260,4430,4200,4425,44893
A263800,单捞鸥贾风记,20200305,0,4490,4490,4370,4430,35774
A263800,单捞鸥贾风记,20200306,0,4380,4380,4200,4285,55113
A263800,单捞鸥贾风记,20200309,0,4120,4215,4015,4060,124744
A263800,单捞鸥贾风记,20200310,0,3900,4060,3840,4030,78968
A263800,单捞鸥贾风记,20200311,0,4040,4090,3740,3770,102909
A263800,单捞鸥贾风记,20200312,0,3720,3745,3385,3430,120954
A263800,单捞鸥贾风记,20200313,0,3245,3245,2635,2970,173230
A263800,单捞鸥贾风记,20200316,0,3040,3100,2750,2760,159193
A263800,单捞鸥贾风记,20200317,0,2500,2850,2500,2815,78216
A263800,单捞鸥贾风记,20200318,0,2835,2920,2540,2585,87665
A263800,单捞鸥贾风记,20200319,0,2635,2690,1955,2015,283625
A263800,单捞鸥贾风记,20200320,0,2015,2160,2015,2150,103349
A263800,单捞鸥贾风记,20200323,0,1960,2030,1845,1915,120999
A263800,单捞鸥贾风记,20200324,0,1950,2070,1950,2060,86755
A263800,单捞鸥贾风记,20200325,0,2100,2250,2100,2170,175838
A263800,单捞鸥贾风记,20200326,0,2175,2370,2115,2300,153295
A263800,单捞鸥贾风记,20200327,0,2440,2530,2200,2335,138426
A263800,单捞鸥贾风记,20200330,0,2250,2735,2175,2565,210643
A263800,单捞鸥贾风记,20200331,0,2760,2805,2600,2745,159415
A263800,单捞鸥贾风记,20200401,0,2740,2950,2660,2790,165935
A263800,单捞鸥贾风记,20200402,0,2735,2900,2660,2850,74146
A263800,单捞鸥贾风记,20200403,0,3025,3025,2870,2950,74342
A263800,单捞鸥贾风记,20200406,0,2950,3095,2920,3095,51514
A263800,单捞鸥贾风记,20200407,0,3200,3260,3010,3260,78431
A263800,单捞鸥贾风记,20200408,0,3250,3350,3180,3300,77562
A263800,单捞鸥贾风记,20200409,0,3355,3370,3300,3320,58621
A263800,单捞鸥贾风记,20200410,0,3370,3370,3050,3250,87325
A263800,单捞鸥贾风记,20200413,0,3200,3265,3060,3060,38645
A263800,单捞鸥贾风记,20200414,0,3080,3195,3070,3150,27019
A263800,单捞鸥贾风记,20200416,0,3280,3390,3200,3390,95956
A263800,单捞鸥贾风记,20200417,0,3470,3800,3460,3620,348199
A263800,单捞鸥贾风记,20200420,0,3695,3695,3570,3680,116140
A263800,单捞鸥贾风记,20200421,0,3585,3625,3230,3535,141418
A263800,单捞鸥贾风记,20200422,0,3420,3590,3365,3590,63628
A263800,单捞鸥贾风记,20200423,0,4665,4665,4655,4665,1054108
A263800,单捞鸥贾风记,20200424,0,5250,5370,4490,4800,3842047
A263800,单捞鸥贾风记,20200427,0,4800,5580,4755,5190,4600808
A263800,单捞鸥贾风记,20200428,0,5130,5730,4905,5730,1708478
A263800,单捞鸥贾风记,20200429,0,5500,5610,5110,5120,1558946
A263800,单捞鸥贾风记,20200504,0,5010,5240,4910,5170,455851
A263800,单捞鸥贾风记,20200506,0,5200,5490,5150,5390,930446
A263800,单捞鸥贾风记,20200507,0,5410,5640,5140,5170,1228164
A263800,单捞鸥贾风记,20200508,0,5350,5500,5190,5440,552930
A263800,单捞鸥贾风记,20200511,0,5830,7070,5560,6520,10352305
A263800,单捞鸥贾风记,20200512,0,6370,6370,6110,6200,0
A263800,单捞鸥贾风记,20200513,0,6180,6440,6150,6440,0
A263800,单捞鸥贾风记,20200514,0,6320,6510,6300,6430,0
A263800,单捞鸥贾风记,20200515,0,6550,6930,6000,6200,2922643
A263800,单捞鸥贾风记,20200518,0,6100,6300,5870,6070,760627
A263800,单捞鸥贾风记,20200519,0,6360,6550,5950,5950,1062662
A263800,单捞鸥贾风记,20200520,0,5970,6190,5900,5970,578237
A263800,单捞鸥贾风记,20200521,0,6000,6420,5770,6050,1433584
A263800,单捞鸥贾风记,20200522,0,6060,6160,5850,5950,355951
A263800,单捞鸥贾风记,20200525,0,5960,6230,5890,6150,555949
A263800,单捞鸥贾风记,20200526,0,6180,6210,5950,6060,381309
A263800,单捞鸥贾风记,20200527,0,6100,6700,5870,6000,1658514
A263800,单捞鸥贾风记,20200528,0,6140,6250,5530,5830,696347
A263800,单捞鸥贾风记,20200529,0,5730,5870,5560,5600,227597
A263800,单捞鸥贾风记,20200601,0,5660,6190,5660,6010,679654
A263800,单捞鸥贾风记,20200602,0,5990,5990,5720,5820,288257
A263800,单捞鸥贾风记,20200603,0,5890,5890,5670,5710,224327
A263800,单捞鸥贾风记,20200604,0,5710,5900,5560,5630,275768
A263800,单捞鸥贾风记,20200605,0,5590,5790,5590,5780,102213
A263800,单捞鸥贾风记,20200608,0,5920,5940,5680,5850,278867
A263800,单捞鸥贾风记,20200609,0,5790,5820,5570,5680,292452
A263800,单捞鸥贾风记,20200610,0,5680,6030,5550,5960,616514
A263800,单捞鸥贾风记,20200611,0,5930,6240,5730,5810,962597
A263800,单捞鸥贾风记,20200612,0,5380,5950,5200,5830,398885
A263800,单捞鸥贾风记,20200615,0,5770,5830,5120,5140,315979
A263800,单捞鸥贾风记,20200616,0,5300,5550,5230,5410,230529
A263800,单捞鸥贾风记,20200617,0,5300,5550,5080,5280,220641
A263800,单捞鸥贾风记,20200618,0,5270,6040,5170,5520,1010152
A263800,单捞鸥贾风记,20200619,0,5720,5890,5600,5620,511385
A263800,单捞鸥贾风记,20200622,0,5620,5780,5510,5590,153459
A263800,单捞鸥贾风记,20200623,0,5620,6120,5480,6000,603420
A263800,单捞鸥贾风记,20200624,0,6000,6020,5750,5820,540965
A263800,单捞鸥贾风记,20200625,0,5760,5930,5640,5830,267050
A263800,单捞鸥贾风记,20200626,0,5840,5930,5720,5740,191273
A263800,单捞鸥贾风记,20200629,0,5620,5850,5520,5520,175901
A263800,单捞鸥贾风记,20200630,0,5580,5830,5500,5590,147406
A263800,单捞鸥贾风记,20200701,0,5590,5880,5590,5800,165548
A263800,单捞鸥贾风记,20200702,0,5790,5960,5660,5870,172190
A263800,单捞鸥贾风记,20200703,0,5930,5990,5760,5800,213472
A263800,单捞鸥贾风记,20200706,0,5990,6160,5800,6020,566806
A263800,单捞鸥贾风记,20200707,0,6000,6140,5850,5970,356484
A263800,单捞鸥贾风记,20200708,0,6040,6490,5910,6490,535209
A263800,单捞鸥贾风记,20200709,0,6470,8430,6400,8430,11106929
A263800,单捞鸥贾风记,20200710,0,8600,10500,8360,9190,14869051
A263800,单捞鸥贾风记,20200713,0,9130,10150,9130,9400,3965334
A263800,单捞鸥贾风记,20200714,0,9280,9280,9030,9030,0
A263800,单捞鸥贾风记,20200715,0,9250,9600,9250,9490,0
A263800,单捞鸥贾风记,20200716,0,9450,9670,8900,9150,0
A263800,单捞鸥贾风记,20200717,0,9020,9630,8740,8980,1603290
A263800,单捞鸥贾风记,20200720,0,8820,9870,8690,9010,2496695
A263800,单捞鸥贾风记,20200721,0,9100,9190,8750,8820,569251
A263800,单捞鸥贾风记,20200722,0,8780,9770,8570,8980,2486331
A263800,单捞鸥贾风记,20200723,0,8910,8930,8330,8530,593327
A263800,单捞鸥贾风记,20200724,0,8450,8660,8140,8310,383733
A263800,单捞鸥贾风记,20200727,0,8230,8890,8220,8610,439649
A263800,单捞鸥贾风记,20200728,0,8660,9070,8530,8920,897447
A263800,单捞鸥贾风记,20200729,0,8870,9020,8700,8970,374982
A263800,单捞鸥贾风记,20200730,0,9010,9460,8860,9290,968709
A263800,单捞鸥贾风记,20200731,0,9300,9670,9210,9560,947513
A263800,单捞鸥贾风记,20200803,0,10250,11200,9770,10050,5365276
A263800,单捞鸥贾风记,20200804,0,10100,10150,9570,9870,1032118
A263800,单捞鸥贾风记,20200805,0,9800,9800,9260,9280,1201090
A263800,单捞鸥贾风记,20200806,0,9350,9530,9010,9010,835036
A263800,单捞鸥贾风记,20200807,0,8920,9250,8640,8800,644760
A263800,单捞鸥贾风记,20200810,0,8700,8740,8570,8570,240837
A263800,单捞鸥贾风记,20200811,0,8490,8990,8490,8600,345063
A263800,单捞鸥贾风记,20200812,0,8590,8750,8210,8220,337750
A263800,单捞鸥贾风记,20200813,0,8350,8370,8210,8240,147198
A263800,单捞鸥贾风记,20200814,0,8350,8350,7820,7880,267678
A263800,单捞鸥贾风记,20200818,0,7830,8030,7240,7290,268984
A263800,单捞鸥贾风记,20200819,0,7240,7730,7240,7620,123289
A263800,单捞鸥贾风记,20200820,0,7730,7890,7000,7180,221935
A263800,单捞鸥贾风记,20200821,0,7220,7370,6900,7130,141704
A263800,单捞鸥贾风记,20200824,0,7200,7550,6980,7490,114764
A263800,单捞鸥贾风记,20200825,0,7520,7680,7400,7590,104078
A263800,单捞鸥贾风记,20200826,0,7790,7900,7670,7700,172438
A263800,单捞鸥贾风记,20200827,0,7810,8290,7700,7860,426545
A263800,单捞鸥贾风记,20200828,0,7800,7840,7520,7540,202711
A263800,单捞鸥贾风记,20200831,0,7700,7940,7550,7800,163099
A263800,单捞鸥贾风记,20200901,0,8100,8680,7900,8410,1018218
A263800,单捞鸥贾风记,20200902,0,8490,8830,8210,8560,829314
A263800,单捞鸥贾风记,20200903,0,8560,8700,8250,8250,391609
A263800,单捞鸥贾风记,20200904,0,7700,8120,7650,8120,206911
A263800,单捞鸥贾风记,20200907,0,8500,8960,8340,8960,888803
A263800,单捞鸥贾风记,20200908,0,9290,11600,9180,10250,8343346
A263800,单捞鸥贾风记,20200909,0,10000,10900,9280,9500,4001436
A263800,单捞鸥贾风记,20200910,0,9590,10400,9210,9660,2319869
A263800,单捞鸥贾风记,20200911,0,9520,10200,9430,9530,1360140
A263800,单捞鸥贾风记,20200914,0,9630,9960,9510,9540,418397
A263800,单捞鸥贾风记,20200915,0,9580,9770,9300,9400,367522
A263800,单捞鸥贾风记,20200916,0,9400,9450,9030,9150,327313
A263800,单捞鸥贾风记,20200917,0,9160,9330,8900,8910,299319
A263800,单捞鸥贾风记,20200918,0,8860,9080,8690,8920,177796
A263800,单捞鸥贾风记,20200921,0,8970,9010,8300,8500,237485
A263800,单捞鸥贾风记,20200922,0,8460,8520,7900,7910,235067
A263800,单捞鸥贾风记,20200923,0,8050,8220,7690,8000,170372
A263800,单捞鸥贾风记,20200924,0,7770,7890,7420,7500,227932
A263800,单捞鸥贾风记,20200925,0,7590,7770,7340,7410,120113
A263800,单捞鸥贾风记,20200928,0,7410,7810,7410,7740,71660
A263800,单捞鸥贾风记,20200929,0,7950,7980,7710,7910,89700
A263800,单捞鸥贾风记,20201005,0,7910,8150,7730,8130,74608
A263800,单捞鸥贾风记,20201006,0,8180,8250,8010,8170,106538
A263800,单捞鸥贾风记,20201007,0,8100,8260,8050,8240,59814
A263800,单捞鸥贾风记,20201008,0,8280,8280,8060,8100,98758
A263800,单捞鸥贾风记,20201012,0,8100,8140,7900,7980,78668
A263800,单捞鸥贾风记,20201013,0,8110,8860,7990,8650,467343
A263800,单捞鸥贾风记,20201014,0,8930,8940,8540,8580,267315
A263800,单捞鸥贾风记,20201015,0,8660,8660,7900,8000,250449
A263800,单捞鸥贾风记,20201016,0,7990,8150,7720,7990,101156
A263800,单捞鸥贾风记,20201019,0,7990,8150,7730,7730,55171
A263800,单捞鸥贾风记,20201020,0,7560,7750,7500,7650,73727
A263800,单捞鸥贾风记,20201021,0,7660,7720,7540,7690,46582
A263800,单捞鸥贾风记,20201022,0,7650,7670,7500,7500,69175
A263800,单捞鸥贾风记,20201023,0,7680,7730,7100,7690,71379
A263800,单捞鸥贾风记,20201026,0,8010,8130,7390,7390,179611
A263800,单捞鸥贾风记,20201027,0,7320,7590,7150,7260,58932
A263800,单捞鸥贾风记,20201028,0,7200,7910,7200,7560,119792
A263800,单捞鸥贾风记,20201029,0,7300,7500,7250,7470,52274
A263800,单捞鸥贾风记,20201030,0,7470,7560,7220,7220,64149
A263800,单捞鸥贾风记,20201102,0,7230,7450,7230,7320,25467
A263800,单捞鸥贾风记,20201103,0,7390,7570,7350,7410,42478
A263800,单捞鸥贾风记,20201104,0,7450,7570,7320,7560,52321
A263800,单捞鸥贾风记,20201105,0,7640,7710,7560,7640,31954
A263800,单捞鸥贾风记,20201106,0,7710,7790,7420,7510,71157
A263800,单捞鸥贾风记,20201109,0,7690,7890,7590,7820,52610
A263800,单捞鸥贾风记,20201110,0,7650,7790,7610,7680,65973
A263800,单捞鸥贾风记,20201111,0,7750,7750,7390,7480,88047
A263800,单捞鸥贾风记,20201112,0,7520,7890,7510,7570,57344
A263800,单捞鸥贾风记,20201113,0,7730,7730,7420,7520,50318
A263800,单捞鸥贾风记,20201116,0,7660,7660,7420,7540,53964
A263800,单捞鸥贾风记,20201117,0,7520,7520,7290,7320,107094
A263800,单捞鸥贾风记,20201118,0,7290,7410,7250,7370,42161
A263800,单捞鸥贾风记,20201119,0,7300,7380,7250,7340,40180
A263800,单捞鸥贾风记,20201120,0,7340,7710,7270,7600,68606
A263800,单捞鸥贾风记,20201123,0,7780,7780,7480,7500,77067
A263800,单捞鸥贾风记,20201124,0,7460,7850,7410,7590,197492
A263800,单捞鸥贾风记,20201125,0,7590,8000,7410,7990,140443
A263800,单捞鸥贾风记,20201126,0,7860,7910,7630,7760,120261
A263800,单捞鸥贾风记,20201127,0,8950,9360,8100,8140,2659613
A263800,单捞鸥贾风记,20201130,0,8270,8270,7990,8050,231293
A263800,单捞鸥贾风记,20201201,0,8050,8070,7810,7880,206945
A263800,单捞鸥贾风记,20201202,0,7880,8180,7830,7890,204173
A263800,单捞鸥贾风记,20201203,0,7890,8070,7870,7930,125426
A263800,单捞鸥贾风记,20201204,0,8000,8500,7970,8020,372223
A263800,单捞鸥贾风记,20201207,0,8020,8070,7810,7860,111337
A263800,单捞鸥贾风记,20201208,0,7820,7870,7680,7680,119467
A263800,单捞鸥贾风记,20201209,0,7650,8200,7630,7950,160767
A263800,单捞鸥贾风记,20201210,0,7950,8000,7750,7750,64867
A263800,单捞鸥贾风记,20201211,0,7830,7910,7750,7750,62928
A263800,单捞鸥贾风记,20201214,0,7750,7830,7670,7720,86064
A263800,单捞鸥贾风记,20201215,0,7750,7790,7600,7630,76726
A263800,单捞鸥贾风记,20201216,0,7620,7690,7530,7610,68882
A263800,单捞鸥贾风记,20201217,0,7580,7900,7480,7660,128380
A263800,单捞鸥贾风记,20201218,0,7660,7660,7520,7540,71904
A263800,单捞鸥贾风记,20201221,0,7730,7930,7540,7830,80694
A263800,单捞鸥贾风记,20201222,0,7820,7820,7520,7520,91989
A263800,单捞鸥贾风记,20201223,0,7530,7650,7450,7450,49788
A263800,单捞鸥贾风记,20201224,0,7440,7480,7350,7350,68101
A263800,单捞鸥贾风记,20201228,0,7300,7340,7110,7110,78081
A263800,单捞鸥贾风记,20201229,0,7110,7310,7110,7310,12526
A263800,单捞鸥贾风记,20201230,0,7310,7430,7250,7390,27406
A263800,单捞鸥贾风记,20210104,0,7400,7550,7350,7540,40183
A263800,单捞鸥贾风记,20210105,0,7540,7570,7410,7500,45363
A263800,单捞鸥贾风记,20210106,0,7630,7880,7500,7620,138434
A263800,单捞鸥贾风记,20210107,0,7710,7710,7420,7450,127938
A263800,单捞鸥贾风记,20210108,0,7450,7450,7300,7300,96283
A263800,单捞鸥贾风记,20210111,0,7420,7420,7130,7210,116536
A263800,单捞鸥贾风记,20210112,0,7250,7360,7120,7230,50712
A263800,单捞鸥贾风记,20210113,0,7180,7770,7160,7420,91813
A263800,单捞鸥贾风记,20210114,0,7360,7400,7300,7370,55462
A263800,单捞鸥贾风记,20210115,0,7400,7400,7200,7220,40925
A263800,单捞鸥贾风记,20210118,0,7120,7240,7020,7080,61192
A263800,单捞鸥贾风记,20210119,0,7070,7210,6800,7190,65909
A263800,单捞鸥贾风记,20210120,0,7200,7250,7060,7100,62206
A263800,单捞鸥贾风记,20210121,0,7100,7180,7080,7110,31568
A263800,单捞鸥贾风记,20210122,0,7110,7460,7050,7090,130052
A263800,单捞鸥贾风记,20210125,0,7090,7260,7070,7170,54061
A263800,单捞鸥贾风记,20210126,0,7170,7200,7120,7140,34711
A263800,单捞鸥贾风记,20210127,0,7090,7330,7090,7330,32419
A263800,单捞鸥贾风记,20210128,0,7510,8120,7150,7160,661311
A263800,单捞鸥贾风记,20210129,0,7160,7230,6610,6710,143310
A263800,单捞鸥贾风记,20210201,0,6560,6710,6320,6620,67427
A263800,单捞鸥贾风记,20210202,0,6620,7000,6510,6740,57210
A263800,单捞鸥贾风记,20210203,0,6710,6850,6650,6800,34876
A263800,单捞鸥贾风记,20210204,0,6800,7000,6640,6770,46886
A263800,单捞鸥贾风记,20210205,0,6750,6770,6590,6760,34666
A263800,单捞鸥贾风记,20210208,0,6760,6760,6570,6600,26503
A263800,单捞鸥贾风记,20210209,0,6660,6670,6480,6480,34175
A263800,单捞鸥贾风记,20210210,0,6590,6590,6370,6420,29225
A263800,单捞鸥贾风记,20210215,0,6420,6580,6400,6520,27108
A263800,单捞鸥贾风记,20210216,0,6560,6600,6430,6490,34868
A263800,单捞鸥贾风记,20210217,0,6460,6590,6420,6560,22630
A263800,单捞鸥贾风记,20210218,0,6580,6630,6480,6580,43072
A263800,单捞鸥贾风记,20210219,0,6580,6580,6370,6400,61790
A263800,单捞鸥贾风记,20210222,0,6590,6680,6410,6430,24160
A263800,单捞鸥贾风记,20210223,0,6400,6430,6160,6170,59763
A263800,单捞鸥贾风记,20210224,0,6180,6340,5950,5970,56513
A263800,单捞鸥贾风记,20210225,0,5980,6120,5930,6120,33789
A263800,单捞鸥贾风记,20210226,0,5770,6000,5770,5960,42464
A263800,单捞鸥贾风记,20210302,0,6040,6090,5880,5940,20871
A263800,单捞鸥贾风记,20210303,0,5850,6150,5850,6060,25153
A263800,单捞鸥贾风记,20210304,0,6060,6090,5880,5970,30631
A263800,单捞鸥贾风记,20210305,0,5960,5960,5700,5830,48318
A263800,单捞鸥贾风记,20210308,0,5830,5990,5770,5770,28752
A263800,单捞鸥贾风记,20210309,0,5830,5830,5550,5780,52508
A263800,单捞鸥贾风记,20210310,0,6070,6080,5650,5750,61811
A263800,单捞鸥贾风记,20210311,0,5540,5750,5540,5720,23959
A263800,单捞鸥贾风记,20210312,0,5730,5850,5720,5790,23496
A263800,单捞鸥贾风记,20210315,0,5850,5990,5790,5960,21972
A263800,单捞鸥贾风记,20210316,0,5960,6020,5850,5960,15269
A263800,单捞鸥贾风记,20210317,0,6040,6040,5910,5960,18576
A263800,单捞鸥贾风记,20210318,0,5970,6010,5910,5980,10882
A263800,单捞鸥贾风记,20210319,0,5970,6000,5830,5970,12001
A263800,单捞鸥贾风记,20210322,0,5890,6020,5890,6000,14710
A263800,单捞鸥贾风记,20210323,0,6000,6030,5880,5960,20272
A263800,单捞鸥贾风记,20210324,0,5960,5970,5790,5840,12251
A263800,单捞鸥贾风记,20210325,0,5920,5920,5780,5870,15403
A263800,单捞鸥贾风记,20210326,0,5830,5900,5810,5880,10287
A263800,单捞鸥贾风记,20210329,0,5880,5880,5780,5870,20365
A263800,单捞鸥贾风记,20210330,0,5870,5900,5810,5860,15965
A263800,单捞鸥贾风记,20210331,0,5830,5890,5740,5760,25658
A263800,单捞鸥贾风记,20210401,0,5970,5970,5800,5940,29607
A263800,单捞鸥贾风记,20210402,0,5940,5970,5860,5930,22404
A263800,单捞鸥贾风记,20210405,0,5930,5940,5820,5900,24732
A263800,单捞鸥贾风记,20210406,0,5900,5910,5800,5850,16199
A263800,单捞鸥贾风记,20210407,0,5800,5920,5800,5890,27629
A263800,单捞鸥贾风记,20210408,0,5890,6050,5820,5990,20511
A263800,单捞鸥贾风记,20210409,0,6050,6350,5990,6350,47338
A263800,单捞鸥贾风记,20210412,0,6300,6300,6110,6130,84694
A263800,单捞鸥贾风记,20210413,0,6090,6490,6070,6460,81910
A263800,单捞鸥贾风记,20210414,0,6460,6530,6350,6360,50233
A263800,单捞鸥贾风记,20210415,0,6490,6500,6280,6420,52344
A263800,单捞鸥贾风记,20210416,0,6390,6510,6320,6480,23973
A263800,单捞鸥贾风记,20210419,0,6550,6620,6520,6520,75423
A263800,单捞鸥贾风记,20210420,0,6540,6590,6420,6550,35315
A263800,单捞鸥贾风记,20210421,0,6550,6840,6460,6580,104726
A263800,单捞鸥贾风记,20210422,0,6640,6640,6500,6580,37727
A263800,单捞鸥贾风记,20210423,0,6520,6530,6370,6370,44249
A263800,单捞鸥贾风记,20210426,0,6370,6470,6300,6420,27341
A263800,单捞鸥贾风记,20210427,0,6470,6470,6330,6400,15087
A263800,单捞鸥贾风记,20210428,0,6390,6390,6000,6140,45712
A263800,单捞鸥贾风记,20210429,0,6110,6240,6050,6120,18603
A263800,单捞鸥贾风记,20210430,0,6120,6190,5990,6060,27670
A263800,单捞鸥贾风记,20210503,0,6000,6080,5900,6010,12379
A263800,单捞鸥贾风记,20210504,0,5960,6000,5750,5890,34156
A263800,单捞鸥贾风记,20210506,0,5890,5960,5750,5930,13067
A263800,单捞鸥贾风记,20210507,0,5930,6080,5890,6000,11631
A263800,单捞鸥贾风记,20210510,0,6050,6140,5920,6090,10849
A263800,单捞鸥贾风记,20210511,0,6030,6090,5810,6050,21438
A263800,单捞鸥贾风记,20210512,0,6050,6060,5900,5990,20670
A263800,单捞鸥贾风记,20210513,0,5850,5980,5740,5900,17070
A263800,单捞鸥贾风记,20210514,0,5870,6000,5830,6000,12142
A263800,单捞鸥贾风记,20210517,0,6030,6050,5910,5940,16764
A263800,单捞鸥贾风记,20210518,0,5890,5980,5750,5980,39116
A263800,单捞鸥贾风记,20210520,0,6100,6190,5980,6020,65058
A263800,单捞鸥贾风记,20210521,0,6010,6010,5860,5860,24337
A263800,单捞鸥贾风记,20210524,0,5810,5890,5700,5730,38088
A263800,单捞鸥贾风记,20210525,0,5780,5830,5720,5800,9287
A263800,单捞鸥贾风记,20210526,0,5800,5950,5740,5840,17404
A263800,单捞鸥贾风记,20210527,0,5870,5900,5760,5810,12470
A263800,单捞鸥贾风记,20210528,0,6000,6000,5830,5940,23670
A263800,单捞鸥贾风记,20210531,0,5940,5990,5850,5940,8958
A263800,单捞鸥贾风记,20210601,0,5940,6000,5920,6000,10892
A263800,单捞鸥贾风记,20210602,0,6000,6030,5880,5920,18929
A263800,单捞鸥贾风记,20210603,0,5920,6010,5920,6000,17209
A263800,单捞鸥贾风记,20210604,0,6030,6120,5940,6050,21040
A263800,单捞鸥贾风记,20210607,0,6060,6150,5980,6080,22387
A263800,单捞鸥贾风记,20210608,0,6100,6110,6010,6070,16456
A263800,单捞鸥贾风记,20210609,0,6070,6130,6040,6080,12276
A263800,单捞鸥贾风记,20210610,0,6080,6260,6080,6170,36828
A263800,单捞鸥贾风记,20210611,0,6270,6480,6190,6220,99490
A263800,单捞鸥贾风记,20210614,0,6270,6340,6220,6260,20618
A263800,单捞鸥贾风记,20210615,0,6260,6350,6200,6280,19482
A263800,单捞鸥贾风记,20210616,0,6290,8160,6250,7200,4308135
A263800,单捞鸥贾风记,20210617,0,7420,7640,7230,7520,1085982
A263800,单捞鸥贾风记,20210618,0,7570,7680,7330,7480,816241
A263800,单捞鸥贾风记,20210621,0,7370,7890,7120,7570,931616
A263800,单捞鸥贾风记,20210622,0,7530,7700,7180,7240,328016
A263800,单捞鸥贾风记,20210623,0,7360,7560,6960,6990,236551
A263800,单捞鸥贾风记,20210624,0,6990,7220,6850,7070,97646
A263800,单捞鸥贾风记,20210625,0,6970,7150,6950,7070,45000
A263800,单捞鸥贾风记,20210628,0,7070,7240,7070,7210,55413
A263800,单捞鸥贾风记,20210629,0,7300,7300,7000,7040,96868
A263800,单捞鸥贾风记,20210630,0,7030,7240,7000,7220,55815
A263800,单捞鸥贾风记,20210701,0,7300,7300,7060,7160,49124
A263800,单捞鸥贾风记,20210702,0,7220,7220,7000,7120,66979
A263800,单捞鸥贾风记,20210705,0,7120,7120,6640,6920,90614
A263800,单捞鸥贾风记,20210706,0,6900,6960,6830,6930,42788
A263800,单捞鸥贾风记,20210707,0,7150,7150,7040,7070,92685
A263800,单捞鸥贾风记,20210708,0,7080,7140,6760,6860,75950
A263800,单捞鸥贾风记,20210709,0,6850,6850,6570,6680,55868
A263800,单捞鸥贾风记,20210712,0,6680,6810,6670,6730,26234
A263800,单捞鸥贾风记,20210713,0,6770,7090,6760,7070,30567
A263800,单捞鸥贾风记,20210714,0,7110,7110,6850,6980,61813
A263800,单捞鸥贾风记,20210715,0,6980,7090,6880,6880,30746
A263800,单捞鸥贾风记,20210716,0,6910,7050,6820,6950,35490
A263800,单捞鸥贾风记,20210719,0,7080,7130,6930,7000,28097
A263800,单捞鸥贾风记,20210720,0,6980,6980,6670,6780,40953
A263800,单捞鸥贾风记,20210721,0,6790,7120,6730,7000,72782
A263800,单捞鸥贾风记,20210722,0,7080,7080,6810,6860,40068
A263800,单捞鸥贾风记,20210723,0,6860,6930,6760,6800,30110
A263800,单捞鸥贾风记,20210726,0,6650,6860,6650,6710,27532
A263800,单捞鸥贾风记,20210727,0,6710,6710,6580,6620,39213
A263800,单捞鸥贾风记,20210728,0,6600,6780,6550,6600,32906
A263800,单捞鸥贾风记,20210729,0,6550,6640,6510,6520,30386
A263800,单捞鸥贾风记,20210730,0,6520,6560,6380,6410,42079
A263800,单捞鸥贾风记,20210802,0,6410,6420,6320,6390,18499
A263800,单捞鸥贾风记,20210803,0,6380,6520,6270,6270,47480
A263800,单捞鸥贾风记,20210804,0,6270,6330,6230,6310,21711
A263800,单捞鸥贾风记,20210805,0,6320,7150,6300,6570,306718
A263800,单捞鸥贾风记,20210806,0,6580,6580,6450,6480,32575
A263800,单捞鸥贾风记,20210809,0,6430,6510,6250,6250,58427
A263800,单捞鸥贾风记,20210810,0,6250,6260,6100,6100,38398
A263800,单捞鸥贾风记,20210811,0,6090,6160,6030,6090,24226
A263800,单捞鸥贾风记,20210812,0,6050,6200,6050,6090,26586
A263800,单捞鸥贾风记,20210813,0,6030,6090,5900,5950,49619
A263800,单捞鸥贾风记,20210817,0,5950,5980,5620,5700,34204
A263800,单捞鸥贾风记,20210818,0,5570,5740,5550,5710,16500
A263800,单捞鸥贾风记,20210819,0,5670,5740,5250,5330,47935
A263800,单捞鸥贾风记,20210820,0,5330,5390,5020,5090,44892
A263800,单捞鸥贾风记,20210823,0,5080,5280,5070,5250,8990
A263800,单捞鸥贾风记,20210824,0,5210,5540,5210,5450,21533
A263800,单捞鸥贾风记,20210825,0,5460,5510,5160,5480,15373
A263800,单捞鸥贾风记,20210826,0,5500,5600,5470,5560,16129
A263800,单捞鸥贾风记,20210827,0,5440,5590,5440,5540,6272
A263800,单捞鸥贾风记,20210830,0,5520,5570,5490,5520,12044
A263800,单捞鸥贾风记,20210831,0,5550,5580,5450,5500,8590
A263800,单捞鸥贾风记,20210901,0,5500,5560,5490,5520,6232
A263800,单捞鸥贾风记,20210902,0,5560,5560,5450,5500,12061
A263800,单捞鸥贾风记,20210903,0,5500,5750,5500,5690,20244
A263800,单捞鸥贾风记,20210906,0,5760,5760,5570,5620,14242
A263800,单捞鸥贾风记,20210907,0,5770,5770,5600,5630,10634
A263800,单捞鸥贾风记,20210908,0,5630,5660,5410,5470,20033
A263800,单捞鸥贾风记,20210909,0,5390,5460,5310,5310,16085
A263800,单捞鸥贾风记,20210910,0,5310,5340,5150,5270,12999
A263800,单捞鸥贾风记,20210913,0,5280,5280,5110,5180,15060
A263800,单捞鸥贾风记,20210914,0,5130,5490,5090,5290,18858
A263800,单捞鸥贾风记,20210915,0,5240,5400,5240,5320,19242
A263800,单捞鸥贾风记,20210916,0,5310,5380,5260,5260,7931
A263800,单捞鸥贾风记,20210917,0,5240,5290,5100,5150,23669
A263800,单捞鸥贾风记,20210923,0,5150,5150,4990,5060,19445
A263800,单捞鸥贾风记,20210924,0,5000,5170,5000,5050,11411
A263800,单捞鸥贾风记,20210927,0,5050,5090,4905,5080,14774
A263800,单捞鸥贾风记,20210928,0,5020,6600,4950,6600,1581126
A263800,单捞鸥贾风记,20210929,0,6300,6500,5940,5970,1115732
A263800,单捞鸥贾风记,20210930,0,6030,6160,5790,5830,305759
A263800,单捞鸥贾风记,20211001,0,5750,5890,5500,5500,213286
A263800,单捞鸥贾风记,20211005,0,5580,6440,5470,5720,934922
A263800,单捞鸥贾风记,20211006,0,5680,5680,5020,5030,337381
A263800,单捞鸥贾风记,20211007,0,5020,5190,5010,5020,78759
A263800,单捞鸥贾风记,20211008,0,5180,5290,5010,5030,115708
A263800,单捞鸥贾风记,20211012,0,5090,5480,4775,4790,302968
A263800,单捞鸥贾风记,20211013,0,4775,4930,4755,4820,30661
A263800,单捞鸥贾风记,20211014,0,4875,5000,4820,4975,21484
A263800,单捞鸥贾风记,20211015,0,5020,5080,4935,5000,38463
A263800,单捞鸥贾风记,20211018,0,4970,5100,4960,5020,29447
A263800,单捞鸥贾风记,20211019,0,5020,5080,4995,5070,24418
A263800,单捞鸥贾风记,20211020,0,5070,5150,5030,5080,20126
A263800,单捞鸥贾风记,20211021,0,5150,5500,5050,5270,141630
A263800,单捞鸥贾风记,20211022,0,5220,5270,5090,5130,30223
A263800,单捞鸥贾风记,20211025,0,5100,5420,4970,5200,32252
A263800,单捞鸥贾风记,20211026,0,5200,5330,5200,5270,17319
A263800,单捞鸥贾风记,20211027,0,5270,5440,5180,5220,11816
A263800,单捞鸥贾风记,20211028,0,5290,5290,5130,5150,22488
A263800,单捞鸥贾风记,20211029,0,5150,5210,5070,5090,10161
A263800,单捞鸥贾风记,20211101,0,5110,5240,5110,5190,9273
A263800,单捞鸥贾风记,20211102,0,5220,5350,5200,5280,19447
A263800,单捞鸥贾风记,20211103,0,5330,5340,5270,5310,39426
A263800,单捞鸥贾风记,20211104,0,5300,5310,5090,5160,30925
A263800,单捞鸥贾风记,20211105,0,5160,5160,5030,5100,13185
A263800,单捞鸥贾风记,20211108,0,5050,5280,5050,5160,10799
A263800,单捞鸥贾风记,20211109,0,5040,5230,5040,5120,9955
A263800,单捞鸥贾风记,20211110,0,5170,5440,5010,5320,88017
A263800,单捞鸥贾风记,20211111,0,5180,5180,5010,5020,80870
A263800,单捞鸥贾风记,20211112,0,4940,5080,4935,5020,22430
A263800,单捞鸥贾风记,20211115,0,5030,5260,5030,5240,16287
A263800,单捞鸥贾风记,20211116,0,5250,5500,5230,5450,74914
A263800,单捞鸥贾风记,20211117,0,5400,5800,5310,5700,138849
A263800,单捞鸥贾风记,20211118,0,5720,5990,5430,5940,110916
A263800,单捞鸥贾风记,20211119,0,5850,5920,5750,5750,77541
A263800,单捞鸥贾风记,20211122,0,5750,6950,5450,6250,829429
A263800,单捞鸥贾风记,20211123,0,6380,7450,5930,6100,3344557
A263800,单捞鸥贾风记,20211124,0,6100,7200,6030,7070,3170724
A263800,单捞鸥贾风记,20211125,0,6970,7190,6760,6760,571742
A263800,单捞鸥贾风记,20211126,0,6800,6930,6130,6310,580587
A263800,单捞鸥贾风记,20211129,0,6100,6290,5670,6050,146549
A263800,单捞鸥贾风记,20211130,0,6010,6120,5400,5460,238478
A263800,单捞鸥贾风记,20211201,0,5460,5730,5290,5640,131132
A263800,单捞鸥贾风记,20211202,0,5510,6040,5500,5980,132020
A263800,单捞鸥贾风记,20211203,0,6030,6040,5900,6010,63655
A263800,单捞鸥贾风记,20211206,0,5900,6030,5790,6000,53114
A263800,单捞鸥贾风记,20211207,0,6030,7800,6030,7200,2139410
A263800,单捞鸥贾风记,20211208,0,7050,7280,6840,7030,1293654
A263800,单捞鸥贾风记,20211209,0,7060,7350,6910,7090,720630
A263800,单捞鸥贾风记,20211210,0,6930,7080,6500,6610,633686
A263800,单捞鸥贾风记,20211213,0,6620,6900,6540,6680,330312
A263800,单捞鸥贾风记,20211214,0,6650,6800,6540,6650,154180
A263800,单捞鸥贾风记,20211215,0,6640,6640,6400,6540,144233
A263800,单捞鸥贾风记,20211216,0,6540,6840,6500,6620,234658
A263800,单捞鸥贾风记,20211217,0,6680,7100,6650,6690,563360
A263800,单捞鸥贾风记,20211220,0,6820,6930,6220,6300,316608
A263800,单捞鸥贾风记,20211221,0,6270,6370,6100,6290,119851
A263800,单捞鸥贾风记,20211222,0,6310,6340,6170,6190,85965
A263800,单捞鸥贾风记,20211223,0,6270,6270,6060,6130,80088
A263800,单捞鸥贾风记,20211224,0,6200,6240,6100,6110,83198
A263800,单捞鸥贾风记,20211227,0,6190,6240,6090,6220,63786
A263800,单捞鸥贾风记,20211228,0,6270,6950,6100,6100,824268
A263800,单捞鸥贾风记,20211229,0,6120,6300,6010,6300,91396
A263800,单捞鸥贾风记,20211230,0,6260,6530,6250,6420,204228
A263800,单捞鸥贾风记,20220103,0,6570,6880,6430,6730,445177
A263800,单捞鸥贾风记,20220104,0,6700,6770,6470,6770,251828
A263800,单捞鸥贾风记,20220105,0,6850,7400,6700,6960,1992952
A263800,单捞鸥贾风记,20220106,0,6760,6760,6420,6420,454294
A263800,单捞鸥贾风记,20220107,0,6480,6700,6440,6460,153313
A263800,单捞鸥贾风记,20220110,0,6540,7500,6540,7090,2024019
A263800,单捞鸥贾风记,20220111,0,6950,8090,6830,7700,6103231
A263800,单捞鸥贾风记,20220112,0,7430,7510,7150,7220,977580
A263800,单捞鸥贾风记,20220113,0,7330,7380,7050,7340,531421
A263800,单捞鸥贾风记,20220114,0,7190,7320,6760,6860,556819
A263800,单捞鸥贾风记,20220117,0,6760,6950,6670,6840,187219
A263800,单捞鸥贾风记,20220118,0,6820,6940,6550,6550,209554
A263800,单捞鸥贾风记,20220119,0,6330,6580,6280,6330,157811
A263800,单捞鸥贾风记,20220120,0,6290,6370,6160,6350,110952
A263800,单捞鸥贾风记,20220121,0,6270,6490,6210,6360,132031
A263800,单捞鸥贾风记,20220124,0,6170,6270,5750,5750,218613
A263800,单捞鸥贾风记,20220125,0,5800,5900,5250,5250,165504
A263800,单捞鸥贾风记,20220126,0,5240,5760,5170,5290,137268
A263800,单捞鸥贾风记,20220127,0,5250,5680,5030,5100,169006
A263800,单捞鸥贾风记,20220128,0,5200,6030,5200,5470,612984
A263800,单捞鸥贾风记,20220203,0,5530,5770,5490,5700,91399
A263800,单捞鸥贾风记,20220204,0,5620,5860,5590,5780,77691
A263800,单捞鸥贾风记,20220207,0,5770,5960,5720,5920,60639
A263800,单捞鸥贾风记,20220208,0,5990,6000,5670,5710,74994
A263800,单捞鸥贾风记,20220209,0,5930,5930,5700,5830,22403
A263800,单捞鸥贾风记,20220210,0,5940,5940,5750,5830,35185
A263800,单捞鸥贾风记,20220211,0,5750,5870,5520,5560,95528
A263800,单捞鸥贾风记,20220214,0,5250,5550,5130,5130,63880
A263800,单捞鸥贾风记,20220215,0,5140,5500,5060,5090,75260
A263800,单捞鸥贾风记,20220216,0,5200,5520,5200,5460,31318
A263800,单捞鸥贾风记,20220217,0,5400,5580,5260,5350,70397
A263800,单捞鸥贾风记,20220218,0,5330,5480,5150,5440,37967
A263800,单捞鸥贾风记,20220221,0,5340,5540,5250,5460,55029
A263800,单捞鸥贾风记,20220222,0,5390,5410,5220,5270,41726
A263800,单捞鸥贾风记,20220223,0,5270,5490,5200,5350,35589
A263800,单捞鸥贾风记,20220224,0,5300,5380,4970,5000,91125
A263800,单捞鸥贾风记,20220225,0,5140,5250,5080,5140,43328
A263800,单捞鸥贾风记,20220228,0,5190,5330,5170,5250,28597
A263800,单捞鸥贾风记,20220302,0,5250,5420,5250,5340,12257
A263800,单捞鸥贾风记,20220303,0,5550,5670,5390,5600,72113
A263800,单捞鸥贾风记,20220304,0,5650,5650,5410,5460,55836
A263800,单捞鸥贾风记,20220307,0,5410,5490,5240,5330,59618
A263800,单捞鸥贾风记,20220308,0,5170,5320,5130,5230,31095
A263800,单捞鸥贾风记,20220310,0,5530,6600,5470,5730,1984036
A263800,单捞鸥贾风记,20220311,0,5850,7440,5820,7440,3592292
A263800,单捞鸥贾风记,20220314,0,7710,8920,7320,7720,10037096
A263800,单捞鸥贾风记,20220315,0,7650,8350,7440,7770,4375313
A263800,单捞鸥贾风记,20220316,0,7770,7780,7500,7770,795507
A263800,单捞鸥贾风记,20220317,0,7980,8320,7710,7800,3337203
A263800,单捞鸥贾风记,20220318,0,7730,8260,7650,8180,1703907
A263800,单捞鸥贾风记,20220321,0,8090,8390,7960,8000,1277994
A263800,单捞鸥贾风记,20220322,0,8110,8600,7980,8030,1683638
A263800,单捞鸥贾风记,20220323,0,8070,9380,8000,8630,6254018
A263800,单捞鸥贾风记,20220324,0,8500,8540,7920,8310,1419423
A263800,单捞鸥贾风记,20220325,0,8180,8990,8170,8290,2248033
A263800,单捞鸥贾风记,20220328,0,8200,8590,8140,8460,482624
A263800,单捞鸥贾风记,20220329,0,8740,9200,8380,8540,2314594
A263800,单捞鸥贾风记,20220330,0,8470,8500,7800,7910,751275
A263800,单捞鸥贾风记,20220331,0,7730,8130,7700,7880,364305
A263800,单捞鸥贾风记,20220401,0,7820,8230,7810,8050,475899
A263800,单捞鸥贾风记,20220404,0,8190,9170,8060,9170,2896323
A263800,单捞鸥贾风记,20220405,0,8940,9990,8800,9290,6359727
A263800,单捞鸥贾风记,20220406,0,9150,9380,9010,9160,985465
A263800,单捞鸥贾风记,20220407,0,9040,9260,8370,8510,792485
A263800,单捞鸥贾风记,20220408,0,8390,8580,7800,7880,763359
A263800,单捞鸥贾风记,20220411,0,7880,7960,7530,7610,334261
A263800,单捞鸥贾风记,20220412,0,7500,7780,7080,7230,559657
A263800,单捞鸥贾风记,20220413,0,7220,7310,7030,7210,211551
A263800,单捞鸥贾风记,20220414,0,7230,7520,7200,7390,255067
A263800,单捞鸥贾风记,20220415,0,7300,7840,7290,7790,306578
A263800,单捞鸥贾风记,20220418,0,7660,7890,7640,7810,264035
A263800,单捞鸥贾风记,20220419,0,7760,8260,7670,8120,453255
A263800,单捞鸥贾风记,20220420,0,7950,8070,7750,7750,470705
A263800,单捞鸥贾风记,20220421,0,7780,7780,7490,7570,218835
A263800,单捞鸥贾风记,20220422,0,7440,7660,7440,7460,133959
A263800,单捞鸥贾风记,20220425,0,7310,7880,7260,7580,303717
A263800,单捞鸥贾风记,20220426,0,7550,7720,7470,7620,161408
A263800,单捞鸥贾风记,20220427,0,7400,7470,7260,7440,138853
A263800,单捞鸥贾风记,20220428,0,7490,7510,7260,7430,128850
A263800,单捞鸥贾风记,20220429,0,7540,8290,7450,7940,739821
A263800,单捞鸥贾风记,20220502,0,7710,8440,7700,8270,813549
A263800,单捞鸥贾风记,20220503,0,8350,8700,7900,7960,2150704
A263800,单捞鸥贾风记,20220504,0,8040,8210,7650,7740,335880
A263800,单捞鸥贾风记,20220506,0,7510,7820,7500,7570,142236
A263800,单捞鸥贾风记,20220509,0,7470,7570,7200,7310,177721
A263800,单捞鸥贾风记,20220510,0,7110,7230,6940,7160,177045
A263800,单捞鸥贾风记,20220511,0,7080,7270,6790,6820,219589
A263800,单捞鸥贾风记,20220512,0,6770,6790,6200,6300,257683
A263800,单捞鸥贾风记,20220513,0,6310,6430,6200,6230,86302
A263800,单捞鸥贾风记,20220516,0,6270,6570,6270,6360,86537
A263800,单捞鸥贾风记,20220517,0,6370,6450,6310,6400,44538
A263800,单捞鸥贾风记,20220518,0,6440,6650,6400,6460,98280
A263800,单捞鸥贾风记,20220519,0,6200,6320,6200,6240,48896
A263800,单捞鸥贾风记,20220520,0,6240,6460,6210,6430,48608
A263800,单捞鸥贾风记,20220523,0,6430,6490,6350,6430,37399
A263800,单捞鸥贾风记,20220524,0,6440,6680,6400,6530,118954
A263800,单捞鸥贾风记,20220525,0,6420,6660,6270,6440,150828
A263800,单捞鸥贾风记,20220526,0,6410,6540,6330,6430,57061
A263800,单捞鸥贾风记,20220527,0,6470,6560,6400,6430,48010
A263800,单捞鸥贾风记,20220530,0,6510,6720,6430,6620,34301
A263800,单捞鸥贾风记,20220531,0,6650,6650,6510,6540,38875
A263800,单捞鸥贾风记,20220602,0,6510,6550,6340,6400,62361
A263800,单捞鸥贾风记,20220603,0,6410,6530,6380,6430,33709
A263800,单捞鸥贾风记,20220607,0,6400,6420,6260,6260,46733
A263800,单捞鸥贾风记,20220608,0,6280,6330,6200,6220,31264
A263800,单捞鸥贾风记,20220609,0,6140,6390,5910,5990,96542
A263800,单捞鸥贾风记,20220610,0,6000,6110,5810,5920,59461
A263800,单捞鸥贾风记,20220613,0,5800,5900,5460,5570,98141
A263800,单捞鸥贾风记,20220614,0,5350,5530,5270,5480,60711
A263800,单捞鸥贾风记,20220615,0,5400,5510,5100,5170,71565
A263800,单捞鸥贾风记,20220616,0,5200,5420,5170,5170,36421
A263800,单捞鸥贾风记,20220617,0,5030,5300,4980,5270,30827
A263800,单捞鸥贾风记,20220620,0,5290,5330,4815,4860,97212
A263800,单捞鸥贾风记,20220621,0,4830,5060,4825,5030,27887
A263800,单捞鸥贾风记,20220622,0,4980,5080,4680,4680,73094
A263800,单捞鸥贾风记,20220623,0,4660,4750,4310,4345,67871
A263800,单捞鸥贾风记,20220624,0,4280,4580,4280,4510,20464
A263800,单捞鸥贾风记,20220627,0,4645,4940,4635,4855,52233
A263800,单捞鸥贾风记,20220628,0,4875,5980,4855,5330,2735436
A263800,单捞鸥贾风记,20220629,0,5250,6210,5180,5640,2521970
A263800,单捞鸥贾风记,20220630,0,5690,5720,5400,5400,308174
A263800,单捞鸥贾风记,20220701,0,5460,6190,5440,5450,1920404
A263800,单捞鸥贾风记,20220704,0,5420,5440,5020,5070,187929
A263800,单捞鸥贾风记,20220705,0,5070,5880,5070,5460,1342903
A263800,单捞鸥贾风记,20220706,0,5470,5710,5370,5410,317434
A263800,单捞鸥贾风记,20220707,0,5410,5820,5380,5490,281501
A263800,单捞鸥贾风记,20220708,0,5530,5660,5420,5490,116373
A263800,单捞鸥贾风记,20220711,0,5520,5670,5480,5620,83584
A263800,单捞鸥贾风记,20220712,0,5620,5640,5310,5330,109522
A263800,单捞鸥贾风记,20220713,0,5250,5390,5190,5210,79483
A263800,单捞鸥贾风记,20220714,0,5080,5340,5080,5180,65495
A263800,单捞鸥贾风记,20220715,0,5190,5260,5050,5110,77257
A263800,单捞鸥贾风记,20220718,0,5140,5350,5090,5330,34409
A263800,单捞鸥贾风记,20220719,0,5280,5350,5230,5320,30221
A263800,单捞鸥贾风记,20220720,0,5370,5470,5320,5370,51772
A263800,单捞鸥贾风记,20220721,0,5390,5530,5390,5520,41414
A263800,单捞鸥贾风记,20220722,0,5550,5550,5380,5420,87087
A263800,单捞鸥贾风记,20220725,0,5440,5450,5260,5290,42150
A263800,单捞鸥贾风记,20220726,0,5230,5420,5230,5340,73952
A263800,单捞鸥贾风记,20220727,0,5460,5870,5400,5470,783085
A263800,单捞鸥贾风记,20220728,0,5530,5630,5380,5470,109224
A263800,单捞鸥贾风记,20220729,0,5550,5660,5480,5500,81490
A263800,单捞鸥贾风记,20220801,0,5510,5680,5440,5600,36293
A263800,单捞鸥贾风记,20220802,0,5650,5750,5510,5710,190676
A263800,单捞鸥贾风记,20220803,0,5690,5750,5600,5720,104218
A263800,单捞鸥贾风记,20220804,0,5790,5830,5700,5710,109765
A263800,单捞鸥贾风记,20220805,0,5670,5760,5610,5740,48940
A263800,单捞鸥贾风记,20220808,0,5740,5930,5600,5660,129285
A263800,单捞鸥贾风记,20220809,0,5600,5720,5600,5670,38232
A263800,单捞鸥贾风记,20220810,0,5670,5670,5510,5520,82219
A263800,单捞鸥贾风记,20220811,0,5590,5720,5570,5650,32732
A263800,单捞鸥贾风记,20220812,0,5680,5810,5660,5680,57366
A263800,单捞鸥贾风记,20220816,0,5790,5790,5670,5710,51985
A263800,单捞鸥贾风记,20220817,0,5730,5750,5610,5630,53807
A263800,单捞鸥贾风记,20220818,0,5630,5660,5540,5650,38817
A263800,单捞鸥贾风记,20220819,0,5600,5660,5570,5580,38463
A263800,单捞鸥贾风记,20220822,0,5520,5520,5230,5230,113650
A263800,单捞鸥贾风记,20220823,0,5080,5970,5030,5070,1508327
A263800,单捞鸥贾风记,20220824,0,5120,5300,5060,5270,108934
A263800,单捞鸥贾风记,20220825,0,5320,5660,5250,5550,273267
A263800,单捞鸥贾风记,20220826,0,5550,5680,5510,5560,74274
A263800,单捞鸥贾风记,20220829,0,5430,5470,5260,5390,33377
A263800,单捞鸥贾风记,20220830,0,5340,5540,5340,5440,26282
A263800,单捞鸥贾风记,20220831,0,5520,5900,5470,5660,377199
A263800,单捞鸥贾风记,20220901,0,5670,5700,5550,5550,87472
A263800,单捞鸥贾风记,20220902,0,5700,5990,5270,5300,1161069
A263800,单捞鸥贾风记,20220905,0,5270,5280,5110,5180,72109
A263800,单捞鸥贾风记,20220906,0,5100,5260,5100,5180,47526
A263800,单捞鸥贾风记,20220907,0,5250,5300,5000,5010,79947
A263800,单捞鸥贾风记,20220908,0,5070,5160,5050,5050,29325
A263800,单捞鸥贾风记,20220913,0,5070,5290,5070,5250,31757
A263800,单捞鸥贾风记,20220914,0,5050,5360,5040,5230,73319
A263800,单捞鸥贾风记,20220915,0,5220,5340,5190,5240,26472
A263800,单捞鸥贾风记,20220916,0,5180,5230,5060,5070,63875
A263800,单捞鸥贾风记,20220919,0,5070,5070,4810,4820,86786
A263800,单捞鸥贾风记,20220920,0,4825,4935,4820,4900,26240
A263800,单捞鸥贾风记,20220921,0,4895,5010,4880,4905,26512
A263800,单捞鸥贾风记,20220922,0,4840,4990,4690,4845,77950
A263800,单捞鸥贾风记,20220923,0,4820,5080,4620,4640,124651
A263800,单捞鸥贾风记,20220926,0,4520,4590,4240,4245,106884
A263800,单捞鸥贾风记,20220927,0,4245,4395,4145,4350,78503
A263800,单捞鸥贾风记,20220928,0,4285,4430,4115,4150,82894
A263800,单捞鸥贾风记,20220929,0,4260,4510,4200,4200,56423
A263800,单捞鸥贾风记,20220930,0,4030,4355,4030,4225,28457
A263800,单捞鸥贾风记,20221004,0,4440,4440,4290,4410,10837
A263800,单捞鸥贾风记,20221005,0,4415,4535,4295,4325,27327
A263800,单捞鸥贾风记,20221006,0,4345,4775,4330,4505,60581
A263800,单捞鸥贾风记,20221007,0,4480,4565,4425,4425,20956
A263800,单捞鸥贾风记,20221011,0,4310,4320,4170,4200,26746
A263800,单捞鸥贾风记,20221012,0,4200,4250,4130,4195,16163
A263800,单捞鸥贾风记,20221013,0,4195,4195,3925,3945,48681
A263800,单捞鸥贾风记,20221014,0,3985,4185,3985,4160,13236
A263800,单捞鸥贾风记,20221017,0,5400,5400,5230,5400,1195147
A263800,单捞鸥贾风记,20221018,0,5680,6730,5170,5640,9203751
A263800,单捞鸥贾风记,20221019,0,5670,7160,5640,6160,10196672
A263800,单捞鸥贾风记,20221020,0,6300,6670,6160,6260,2898196
A263800,单捞鸥贾风记,20221021,0,6230,6250,5650,5770,717655
A263800,单捞鸥贾风记,20221024,0,5830,6000,5720,5760,564334
A263800,单捞鸥贾风记,20221025,0,5720,6150,5700,6030,1439538
A263800,单捞鸥贾风记,20221026,0,5950,5950,5550,5560,509216
A263800,单捞鸥贾风记,20221027,0,5570,5620,5400,5450,219165
A263800,单捞鸥贾风记,20221028,0,5380,5510,5170,5180,294359
A263800,单捞鸥贾风记,20221031,0,5230,5340,5120,5270,166111
A263800,单捞鸥贾风记,20221101,0,5270,5430,5220,5340,282372
A263800,单捞鸥贾风记,20221102,0,5300,5410,5170,5240,184291
A263800,单捞鸥贾风记,20221103,0,5030,5170,5000,5120,124664
A263800,单捞鸥贾风记,20221104,0,5130,5390,4790,4830,393733
A263800,单捞鸥贾风记,20221107,0,4850,4990,4850,4985,62886
A263800,单捞鸥贾风记,20221108,0,4990,5200,4980,5180,105881
A263800,单捞鸥贾风记,20221109,0,5200,5300,5130,5170,116269
A263800,单捞鸥贾风记,20221110,0,5130,5310,5070,5190,118204
A263800,单捞鸥贾风记,20221111,0,5270,5300,5210,5220,80185
A263800,单捞鸥贾风记,20221114,0,5220,5680,5170,5580,201322
A263800,单捞鸥贾风记,20221115,0,5430,5430,5250,5320,237408
A263800,单捞鸥贾风记,20221116,0,5370,6680,5220,6070,6967329
A263800,单捞鸥贾风记,20221117,0,6020,6030,5710,5870,714955
A263800,单捞鸥贾风记,20221118,0,5960,6520,5830,6090,3683224
A263800,单捞鸥贾风记,20221121,0,6040,6050,5590,5630,429863
A263800,单捞鸥贾风记,20221122,0,5630,5860,5440,5490,371543
A263800,单捞鸥贾风记,20221123,0,5460,5650,5460,5530,106224
A263800,单捞鸥贾风记,20221124,0,5530,5670,5530,5640,81971
A263800,单捞鸥贾风记,20221125,0,5640,5680,5410,5460,177740
A263800,单捞鸥贾风记,20221128,0,5410,5660,5240,5260,409580
A263800,单捞鸥贾风记,20221129,0,5210,5350,5120,5290,151346
A263800,单捞鸥贾风记,20221130,0,5290,5720,5250,5550,362255
A263800,单捞鸥贾风记,20221201,0,5580,5980,5560,5650,902968
A263800,单捞鸥贾风记,20221202,0,5640,5790,5570,5670,131176
A263800,单捞鸥贾风记,20221205,0,5740,6080,5580,6000,632105
A263800,单捞鸥贾风记,20221206,0,5800,5920,5470,5580,462159
A263800,单捞鸥贾风记,20221207,0,5660,5660,5270,5300,218114
A263800,单捞鸥贾风记,20221208,0,5270,5360,5080,5140,153455
A263800,单捞鸥贾风记,20221209,0,5160,5220,5000,5140,95888
A263800,单捞鸥贾风记,20221212,0,5090,5140,4960,5020,88894
A263800,单捞鸥贾风记,20221213,0,5150,5150,4950,4960,100990
A263800,单捞鸥贾风记,20221214,0,4970,5150,4970,5080,40162
A263800,单捞鸥贾风记,20221215,0,5080,5320,5040,5120,83805
A263800,单捞鸥贾风记,20221216,0,5030,5080,4985,5030,36340
A263800,单捞鸥贾风记,20221219,0,5080,5270,4995,5160,107765
A263800,单捞鸥贾风记,20221220,0,5110,5180,5040,5040,74091
A263800,单捞鸥贾风记,20221221,0,5120,5150,4975,4985,55911
A263800,单捞鸥贾风记,20221222,0,5060,5800,5060,5210,2046062
A263800,单捞鸥贾风记,20221223,0,5130,5440,5120,5390,418520
A263800,单捞鸥贾风记,20221226,0,5410,5470,5190,5220,341644
A263800,单捞鸥贾风记,20221227,0,5220,5990,5220,5400,2643234
A263800,单捞鸥贾风记,20221228,0,5390,5640,5340,5600,388816
A263800,单捞鸥贾风记,20221229,0,5530,5600,5410,5470,204995
A263800,单捞鸥贾风记,20230102,0,5480,5590,4995,5090,330131
A263800,单捞鸥贾风记,20230103,0,5000,5110,4860,5050,162226
A263800,单捞鸥贾风记,20230104,0,6560,6560,5480,5700,2848912
A263800,单捞鸥贾风记,20230105,0,5750,6680,5730,6050,5172872
A263800,单捞鸥贾风记,20230106,0,6840,7150,6420,6580,3356379
A263800,单捞鸥贾风记,20230109,0,6770,6900,6510,6630,1230860
A263800,单捞鸥贾风记,20230110,0,6520,6690,6400,6690,461621
A263800,单捞鸥贾风记,20230111,0,6590,6600,6220,6300,688095
A263800,单捞鸥贾风记,20230112,0,6300,6390,6070,6110,459107
A263800,单捞鸥贾风记,20230113,0,6450,6840,6280,6620,3487046
A263800,单捞鸥贾风记,20230116,0,6430,7640,6320,7610,2880967
A263800,单捞鸥贾风记,20230117,0,7430,8250,7220,7600,5236990
A263800,单捞鸥贾风记,20230118,0,7540,8050,7440,7790,2710668
A263800,单捞鸥贾风记,20230119,0,7390,7400,6940,7050,923327
A263800,单捞鸥贾风记,20230120,0,7060,7260,6940,7200,457057
A263800,单捞鸥贾风记,20230125,0,7140,7460,7140,7270,724303
A263800,单捞鸥贾风记,20230126,0,7300,7380,7050,7220,652397
A263800,单捞鸥贾风记,20230127,0,7770,7950,7420,7470,2202009
A263800,单捞鸥贾风记,20230130,0,7590,8920,7530,8540,7677066
A263800,单捞鸥贾风记,20230131,0,8400,8800,8080,8590,1901803
A263800,单捞鸥贾风记,20230201,0,8800,8920,8120,8190,1706506
A263800,单捞鸥贾风记,20230202,0,8180,8380,8070,8350,480885
A263800,单捞鸥贾风记,20230203,0,8360,9190,8330,8480,3271084
A263800,单捞鸥贾风记,20230206,0,8350,8380,7880,8030,730727
A263800,单捞鸥贾风记,20230207,0,8020,8320,7850,8040,655214
A263800,单捞鸥贾风记,20230208,0,8170,9860,8170,9390,6063677
A263800,单捞鸥贾风记,20230209,0,9100,10440,9020,9420,5638037
A263800,单捞鸥贾风记,20230210,0,9320,9330,8470,8470,972802
A263800,单捞鸥贾风记,20230213,0,8520,9750,8240,8940,3533997
A263800,单捞鸥贾风记,20230214,0,8980,9410,8770,8880,1492357
A263800,单捞鸥贾风记,20230215,0,8800,8960,8200,8300,700412
A263800,单捞鸥贾风记,20230216,0,8300,8460,8220,8350,266959
A263800,单捞鸥贾风记,20230217,0,8170,8450,7920,7930,456024
A263800,单捞鸥贾风记,20230220,0,7990,8100,7830,8000,166999
A263800,单捞鸥贾风记,20230221,0,8450,9550,8440,8750,3706204
A263800,单捞鸥贾风记,20230222,0,8540,9890,8540,9160,3241003
A263800,单捞鸥贾风记,20230223,0,9160,9340,8940,9260,991850
A263800,单捞鸥贾风记,20230224,0,9360,10050,8820,9110,2981395
A263800,单捞鸥贾风记,20230227,0,9290,9780,9110,9460,2213753
A263800,单捞鸥贾风记,20230228,0,9310,9340,8980,9050,651448
A263800,单捞鸥贾风记,20230302,0,8960,9020,8460,8460,600989
A263800,单捞鸥贾风记,20230303,0,8440,9130,8430,8650,895760
A263800,单捞鸥贾风记,20230306,0,8650,8960,8430,8830,336848
A263800,单捞鸥贾风记,20230307,0,8830,8830,8390,8400,398294
A263800,单捞鸥贾风记,20230308,0,8370,8590,8060,8090,330250
A263800,单捞鸥贾风记,20230309,0,8080,8900,7830,8180,1291440
A263800,单捞鸥贾风记,20230310,0,7950,8070,7850,7850,218542
A263800,单捞鸥贾风记,20230313,0,7730,7930,7380,7860,206031
A263800,单捞鸥贾风记,20230314,0,7760,7880,7270,7300,215963
A263800,单捞鸥贾风记,20230315,0,7400,7680,7400,7520,105695
A263800,单捞鸥贾风记,20230316,0,7450,7630,7350,7400,127998
A263800,单捞鸥贾风记,20230317,0,7550,7900,7550,7790,171945
A263800,单捞鸥贾风记,20230320,0,7850,7850,7640,7680,106117
A263800,单捞鸥贾风记,20230321,0,7640,7780,7540,7550,160796
A263800,单捞鸥贾风记,20230322,0,7630,7900,7580,7790,239622
A263800,单捞鸥贾风记,20230323,0,7710,7900,7450,7700,244414
A263800,单捞鸥贾风记,20230324,0,7780,8060,7700,7950,261776
A263800,单捞鸥贾风记,20230327,0,8230,8230,7770,7810,283446
A263800,单捞鸥贾风记,20230328,0,7940,8020,7780,7780,170488
A263800,单捞鸥贾风记,20230329,0,7840,7840,7410,7440,230219
A263800,单捞鸥贾风记,20230330,0,7450,7500,7160,7210,227145
A263800,单捞鸥贾风记,20230331,0,7280,7310,6980,7030,212808
A263800,单捞鸥贾风记,20230403,0,7050,7250,7010,7010,72683
A263800,单捞鸥贾风记,20230404,0,7080,7360,7080,7200,97052
A263800,单捞鸥贾风记,20230405,0,7180,7300,7090,7260,51634
A263800,单捞鸥贾风记,20230406,0,7210,7210,6910,6930,147200
A263800,单捞鸥贾风记,20230407,0,6900,7030,6850,6940,79666
A263800,单捞鸥贾风记,20230410,0,6940,6940,6620,6810,108648
A263800,单捞鸥贾风记,20230411,0,6750,6840,6610,6820,95110
A263800,单捞鸥贾风记,20230412,0,6740,6860,6690,6740,80136
A263800,单捞鸥贾风记,20230413,0,6650,6820,6440,6780,108161
A263800,单捞鸥贾风记,20230414,0,6780,7310,6780,7040,607803
A263800,单捞鸥贾风记,20230417,0,7040,7340,6910,7230,238032
A263800,单捞鸥贾风记,20230418,0,7230,7240,6890,6890,162539
A263800,单捞鸥贾风记,20230419,0,6890,7050,6890,6930,58527
A263800,单捞鸥贾风记,20230420,0,6880,6920,6640,6680,102682
A263800,单捞鸥贾风记,20230421,0,6600,6810,6560,6580,79950
A263800,单捞鸥贾风记,20230424,0,6500,6590,6410,6470,44806
A263800,单捞鸥贾风记,20230425,0,6400,6610,6280,6380,55742
A263800,单捞鸥贾风记,20230426,0,6380,6630,6280,6410,50871
A263800,单捞鸥贾风记,20230427,0,6430,6650,6360,6440,114794
A263800,单捞鸥贾风记,20230428,0,6590,6680,6310,6310,86447
A263800,单捞鸥贾风记,20230502,0,6310,6620,6280,6560,38577
A263800,单捞鸥贾风记,20230503,0,6410,6570,6370,6390,37784
A263800,单捞鸥贾风记,20230504,0,6350,6420,6240,6250,49835
A263800,单捞鸥贾风记,20230508,0,6260,7020,6260,6410,683301
A263800,单捞鸥贾风记,20230509,0,6360,6430,6140,6190,142468
A263800,单捞鸥贾风记,20230510,0,6140,6240,5980,5990,92065
A263800,单捞鸥贾风记,20230511,0,6000,6290,6000,6100,52584
A263800,单捞鸥贾风记,20230512,0,6240,6240,5980,6090,49102
A263800,单捞鸥贾风记,20230515,0,6280,6280,5790,5850,105916
A263800,单捞鸥贾风记,20230516,0,5850,5980,5750,5770,53160
A263800,单捞鸥贾风记,20230517,0,5730,6030,5730,5970,24794
A263800,单捞鸥贾风记,20230518,0,5980,6130,5980,6070,24847
A263800,单捞鸥贾风记,20230519,0,6120,6370,6090,6120,107259
A263800,单捞鸥贾风记,20230522,0,6230,6380,6150,6260,64046
A263800,单捞鸥贾风记,20230523,0,6250,6400,6220,6290,53117
A263800,单捞鸥贾风记,20230524,0,6290,6450,6200,6430,90872
A263800,单捞鸥贾风记,20230525,0,6500,6520,6290,6300,87657
A263800,单捞鸥贾风记,20230526,0,6300,6370,6150,6170,49925
A263800,单捞鸥贾风记,20230530,0,6180,6500,6170,6480,86303
A263800,单捞鸥贾风记,20230531,0,6400,6780,6400,6700,242169
A263800,单捞鸥贾风记,20230601,0,6600,6600,6470,6530,108721
A263800,单捞鸥贾风记,20230602,0,6540,6940,6520,6740,330901
A263800,单捞鸥贾风记,20230605,0,6690,6790,6560,6650,169028
A263800,单捞鸥贾风记,20230607,0,6630,6780,6620,6630,130822
A263800,单捞鸥贾风记,20230608,0,6550,6610,6390,6450,98119
A263800,单捞鸥贾风记,20230609,0,6540,6630,6450,6480,57885
A263800,单捞鸥贾风记,20230612,0,6460,6550,6380,6430,67322
A263800,单捞鸥贾风记,20230613,0,6430,6560,6430,6520,50546
A263800,单捞鸥贾风记,20230614,0,6540,6570,6220,6350,127045
A263800,单捞鸥贾风记,20230615,0,6290,6550,6260,6380,103981
A263800,单捞鸥贾风记,20230616,0,6410,6440,6340,6400,29733
A263800,单捞鸥贾风记,20230619,0,6400,6400,6210,6300,37754
A263800,单捞鸥贾风记,20230620,0,6290,6740,6270,6340,113919
A263800,单捞鸥贾风记,20230621,0,6290,6380,6100,6110,58158
A263800,单捞鸥贾风记,20230622,0,6080,6320,6020,6050,68629
A263800,单捞鸥贾风记,20230623,0,6070,6150,5910,6010,69299
A263800,单捞鸥贾风记,20230626,0,6000,6100,5850,5980,34067
A263800,单捞鸥贾风记,20230627,0,5920,6120,5840,6090,57124
A263800,单捞鸥贾风记,20230628,0,6220,6270,5940,5990,93473
A263800,单捞鸥贾风记,20230629,0,5970,6070,5750,5790,64706
A263800,单捞鸥贾风记,20230630,0,5770,5850,5660,5740,46241
A263800,单捞鸥贾风记,20230703,0,5740,5930,5740,5910,21293
A263800,单捞鸥贾风记,20230704,0,5870,5940,5820,5840,25088
A263800,单捞鸥贾风记,20230705,0,6000,7090,6000,6410,2752337
A263800,单捞鸥贾风记,20230706,0,6440,6500,6130,6130,363618
